created_at,user_id,topic_id,processed_message
2023-10-24,1,0,cerita rasakan tugas dimensi pesimis tugas sanggup menangis sadar tugas mudah matkul seperi tokopedia
2023-10-24,2,1,senang mempelajari materi 3d materi menarik bermanfaat suka mempelajari objek 3d bentuk dasar objek kompleks suka mempelajari teknik memanipulasi objek 3d suka materi kompleks membutuhkan dipelajari materi terkadang teoritis praktikal perbaikan berharap materi dikemas sistematis mudah dipahami berharap materi difokuskan praktikum mahasiswa langsung menerapkan teori dipelajari pengalaman asistensi proses asistensi validasi berjalan asisten praktikum membantu sabar
2023-10-24,2,0,senang mempelajari materi 3d materi menarik bermanfaat suka mempelajari objek 3d bentuk dasar objek kompleks suka mempelajari teknik memanipulasi objek 3d suka materi kompleks membutuhkan dipelajari materi terkadang teoritis praktikal perbaikan berharap materi dikemas sistematis mudah dipahami berharap materi difokuskan praktikum mahasiswa langsung menerapkan teori dipelajari proses asistensi validasi berjalan asisten praktikum membantu sabar
2023-10-24,3,0,mempelajari materi seru diawal kesusahan basic web mendampingi bab terkesan menarik terstruktur
2023-10-24,4,1,pusing belajar blender ya allah bismillah lancar selesai suka belajar mgv benarbenar membawa perubahan suka mencaricari asistem praktek terkadang sulit dihubungi belajar benarbenar otodidak aplikasi asing toolsnya pengalaman menambah ilmu jurusan tau
2023-10-24,5,0,pengalaman projekprojek mata kuliah inovasi media grafis visual projek2 nya penuh tekateki menantang suka nya dilatih gerak cepat memdesain suka memiliki basic desain mengalami kesulitan teman-teman memiliki basic desain
2023-10-24,6,0,suka materi ilmu desain 3d kuranhg suka membutuhkan device mumpuni asdos membantu mahasiswa pemahaman judulnya
2023-10-24,5,1,pengalaman projek 3 dimensi suka sukanya kebanyakan sukanya membuatnya aplikasi blender ya suruh projek 3 dimensi pengalaman pastinya terlupakan kepanikan2 nya
2023-10-24,7,0,mempelajari materi bingung darimana basic desain 3d belajar step by step hasil sesuai kemampuanku sebisaku hehe
2023-10-24,7,1,alhamdulillah mengajukan judul langsung ac ya tuhan tau ku segimana bersyukur apapun hasilnya berproses semaksimal
2023-10-24,8,0,salah mata kuliah favorit didalamnya pembelajaran seru monotontidak membosankandi pembelajaran lecturer menuntut mahasiswa mengikuti beliaunamun membebaskan mahasiswa kekreatifan dimiliki mahasiswa disiplin teratur membangn semangat mahasiswa penyediaan bintng bab i love mgv
2023-10-24,10,0,expect ngejain 3d but seru banget belajarnya walopun kayak rollercoaster semangat ya mentemen makasi bantu hehehe
2023-10-24,9,0,pengalaman materi senang menantang mengasah ilmu pelajari smk mengulik software nya pelajari sekolah menengah kejuruan pengalaman asistensi validasi rasakan tugas proyek tertantang menghadap dosen asisten dosen asisten praktek tata nya sopan hasil proyek bertele tele gerogi demonstrasi
2023-10-24,11,0,kali menceritakan pengalaman mempelajari mgv materi mgv diunggulkan berasal smk menang start dibanding teman asistensi asprak demonstrasi produk langsung dosen awwalnya kaget diharuskan laporan terbiasa aplikasi word diajari teman menyelesaikan tugas mgv memiliki kendala asistensi teman mengeluhkan asisten sensitif terkesan susah diajak kompromi tugas selesai haya pengalaman ceritakan
2023-10-24,12,0,pengalaman materi senang seru menantang mengasah ilmu pelajari smk mendalami 3d blender
2023-10-24,13,0,materi 3d susah memiliki pengalaman dasar desain 3d aplikasi rumit susah pelajari materi pengembangan skil desain pastinya pengalaman berguna kedepannya
2023-10-25,14,0,atasi mempelajari modeling software diperintahkan berhasil membuatnya sempurna lms jiga membantu tenggat proyek
2023-10-25,16,1,mempelajari 3d blender butuhkan pendamping tutor semacamnya guide ngangong
2023-10-25,17,0,seru sih menantang diburu bikin sulit ya menuntaskan tugas belajar tutor terbatas seru relasi katingaspraknya mengajari adikadiknya belajar
2023-10-25,11,1,menikmati model pembelajaran pengalaman seru menantang memperluas pengetahuan terkadang menghadapi kendala laporan aspek seru menantang pembelajaran memikat keterbatasan menulis laporan tantangan tersendiri proses mencerna memahami materi pelajaran memuaskan mentransfer pemahaman laporan terampil mengorganisasi mengemukakan gagasan sistematis berupaya mengatasi kendala belajar penulisan laporan mencari panduan berlatih menghargai kesempatan model pembelajaran membantu mengatasi keterbatan menjalani pengalaman belajar seru memuaskan
2023-10-25,18,1,bismillahirrahmanirrahim semoga dipermudah asistensinya dipermudah urusannya amin
2023-10-25,8,1,semoga mgv mengasah soft skil kerja seemangat menyukai ketidak tahuan penggunaan blender
2023-10-25,18,0,bismillahirrahmanirrahim semoga asisten praktikum memudahkan urusan mahasiswa
2023-10-25,19,1,mengambil judul salah temanteman mengambil judul lumayan mudah bentuknya bulat kotak bunga bentuknya kompleks sulit membuatnya menangis hehe
2023-10-25,10,1,senang belajar 3d explore tutorial beragam sumber wishlist cita-cita pengin 3d modeling pengin bikin anime hehehe struggle nya bingung lupa tools dipakai sok far so good makasi
2023-10-25,20,0,belajar produk 3d blender belajar tools mengembangkan produk tau tools grab membelah produk boolean lainlain
2023-10-25,21,0,suka belajar seru pembelajarannya sayang laptop memenuhi hehe seru semoga beli laptop dipermudah tugas yeay
2023-10-25,22,0,senang project 3d laptop pakai raam 2 intel celeron gen 4 menantang macet2 dikit ngaruh apalah daya merampok orang tua menjelang lansia dirumah sakit2 an eh dirampok beli laptop spek dewa - igal tweet social activity nikmati proses protes protes takdir semoga kuat bismillah bintang
2023-10-25,23,0,mgv ribet asik canda asik tugas mgv benerbener menantang kerjakan ya allah ya allah suruh masuk tep
2023-10-25,22,1,senang mempelajari 3d suka merampok orangtua 3d kemampuan orang tua teman-teman semoga solusi merampok orangtua
2023-10-25,24,1,sejujurnya sunggup tugas 3d tugas menangis malam kehilangan semangat menjalani hidup memiliki basic dibidang 3d terimakasih pengalaman titik kesabaran
2023-10-25,25,1,sejujurnya sanggup tugas 3dkarena tugaskarena menangis memikirkan tugas 3d
2023-10-25,26,0,tugas imgv kali project 3 dimensi project kali mengajarkan aplikasi blender penggunaanya menghapal toolstoolsnya shortcut numpad penggunaanya belajarnya seru bikin pusing banget belajarnya pinterpinter mencari youtube google tugasnya dikontrak bikin pusing panik laporannya bingung mengetikkan belajar youtube kadang mengaplikasikannya
2023-10-25,27,1,belajar blender penugasan 3d awam fiturfitur aplikasi blender lumayan kesulitan menghafal fiturfitur aplikasi blander tutor temanteman kakak tingkat mudah belajar blander harap penugasan berjalan lancar asprak asdos dosen terimakasih
2023-10-25,29,1,didalan mempelajari materi kesan takut senang kali belajar materi blender senang belajar
2023-10-25,29,0,kesan pesan didalam tugas takut senang sisi kali belajar aplikasi blender takut senang belajar
2023-10-25,30,0,mempelajari materi perbedaan modelsmodels 3d menjadiebih mengerti perbedaanya
2023-10-25,14,1,alhamdulillah lancar kakak aspraknya mantul semoga menyulitkan adik tingkatnya lancar wisuda
2023-10-25,13,1,materi sulit butuh kesabaran keterampilan extra mengerjakannya memiliki pengalaman editing 3d kesulitan mengerjakannya semoga menyelesaikan tugas
2023-10-25,31,0,project 3d pakai software blender first time pakai software bagus keren menyenangkan mikir susah banget laptopku spek nya rendah belajar mudah mudah ambil project lapisan planet saturnus pembelajaran lapisan planet dianjurkan media 3d peserta didik maksimal pemahaman kognitifnya tahap modelling selesaikan 5 pemberitahuan project tanggal 25 oktober jam 645 an d4204 demonstrasikan modellingku lecturer semoga tahap tahap maksimal terima kasih lecturer mas assistant secepatnya share ketentuan penulisan laporan
2023-10-25,32,0,belajar software blender tools temukan software menambah wawasan 3d mengembangkan kreativitas jujur suka software kurangnya pemahaman asistensi assisten praktek pengertian lupa tools langkah langkah pembuatan asprak membantu senang hati
2023-10-25,31,1,tahap modelling selesaikan 5 pemberitahuan project tanggal 25 oktober jam 645 an d4204 demonstrasi lecturer demonstrasi berjalan lancar ac tahap modelling bantu kakak tingkat dasar mengoperasikan blender first time menggunakannya menyenangkan hasilnya memuaskan semoga tahap tahap maksimal saran menginfokan laporan ketentuan penulisannya terima kasih lecturer mas assistant
2023-10-25,33,0,pengalaman tugas 3d seru banget ya belajar blender pusing jus eh stres hehe untung tutor youtube teman kating rela meluangkan ngajarin terima kasih kesediaanya bersyukur banget sih selesai asistensi tahap modelling semoga kedepannya diperlancar aamiin semoga cepat mgvtulation deh biar plong alhamdulillah asisten praktikum fastrespon kalo dichat chil lupa dibantuin makasi makasi sih menemukan disukain berdasarkan proses validasiasistensiku ya
2023-10-25,20,1,software blender belajar membelah objek menggabungkan objek lainlain mengerti shortcutshortcut mengembangkan produk 3d blender mencari tutorial youtube diajari kakak tingkat teman seangkatan
2023-10-25,9,2,pengalaman mempelajari materi butuh ketelitian kesabaran keuletan memahami tutorial refrensi mendekati bab memperluas imajinasi membayangkan tekstur warna objek pengalaman bab memperjelas objek bentuknya
2023-10-25,35,0,materi kali alhamdulillah memusingkan bingung ngarahin mengajari samasama serasa tugasnya mgv ya kalo belajar blender
2023-10-27,36,1,pengalaman validasi seru asprak baikuntuk mempelajari materi lumayan susah
2023-10-26,37,1,mengasyikkan seru menantang terseokseok belajar otodidak tutor sebaya kating menikmatinya
2023-10-26,37,0,maaf rekanrekan mahasiswa tep 23 sopan mohon bimbingannya akademik sikap terima kasih
2023-10-26,38,0,pengalamanku mengajukan judul berguras pikiran jadwal mata kuliah kalah cepat pengajuan judul kelas juduljudul menurutku mudah terisi penuh temantemanku bingung mengambil judul memilih mengambil judul anatomi usus manusia judul ac bergegas membeli kertas stempel kwu besok nya tanda tangan mas assistant
2023-10-26,38,1,pengalamanku modelling menarik judul terima melalukan validasi tenang menguasai blender tutorial youtube mencoba nya gagal menangis ovt tau mengapai mencoba nya nol berdoa sekhusyu2nya tara im happy with my progres
2023-10-26,41,0,suka semoga bintang belajar blender suka revisi tolong mas revisijangan terima kasih mas
2023-10-26,42,0,website nya bagus mudah dipahami keren membantu pembelajaran inovasi media grafis 2d 3d seru
2023-10-26,43,0,ngerjain menangis ngeluh gapapa deh materi banget pembelajaran terima kasih lecturer
2023-10-26,44,0,seru sih belajar 3d tugasnya mencari cari asprak mengesalkan serulah bermain main 3d
2023-10-26,45,0,pengalaman blender ddalam desain 3d memebuat smk smk terhalang covid 19 pemberljaran evektif materi modelnya suka sistensi asisten memiliki keingina sifat berbeda iitu mebuat terkadang kebingungan
2023-10-26,23,1,mgv jaya jaya jaya jaya jaya stres gapapa happy kayaknya terimakasih hehe
2023-10-26,1,1,berusaha bab modelling ya allah ya allah everyday terima kasih tugas tugas nyebut sekian
2023-10-26,43,1,alhamdulillah menyelesaikan tugas grafis visual memahami proses pembuatan bahan pembelajaran berperan pembelajaran
2023-10-26,46,1,alhamdulillah proyek selesai belajar proyek 3d bersyukur menyelesaikan bab 1
2023-10-26,46,0,suka menghapus bidang kesulitan menata objek mempelajari berulang kali
2023-10-26,28,1,modul pembelajaran bagus pembelajaran modul simpel keren modul mudah diakses
2023-10-26,47,0,mengikuti matkul tau mengerti 2d 3d mengerti tooltool sekaran mengerti belajar berproses matkul
2023-10-26,42,2,materi nya mudah dipahami bahasa inggris akupun tau materi coloring texturing
2023-10-26,48,0,pembelajaran kali materi pelajari menarik dimana tugas mendesain produk 3d
2023-10-26,21,1,seru banget tugasnya cuman laptopnya bikin greget semoga rezeki biar beli laptop amin
2023-10-26,50,1,pengalaman belajar campur aduk pusing menghadap laptopsaya kesulitan laptop memadai jujur kemampuan 0 karnasaya lulusan ips makannya kagettapi papa usaha menghianati hasilyang los hehehe puji tuhan persulit capeeini mengetik ya pokoknya teh capek bangettsoalnya duduk terussakit punggung
2023-10-26,51,1,pengalaman kuliah ngeri ngeri sedap tugas mgv untungnya bidang passion tep bikin susah sih bikin produknya asistensi nya ribet huhu emotnangis sekian thankyou
2023-10-26,50,0,objek garis lengkung dikendalikan derajat lengkungnya manakah tools cocok
2023-10-26,17,1,suka pekerjaannya menantang tugas minggunya ditambah deadline lumayan pemula asprak temui katingnya membantu adiknya kesusahan
2023-10-26,51,0,kuliah aman aman sih hehe kayak gampang banget gitoh i suka matkul matkul tep lucu lucu dosennya sabar sabar lecturer abah zain hehe
2023-10-26,52,1,semoga kuat tamat tugasnya lumayan menantang teka teki mecahin asprak lumayan sueru rodok rodok
2023-10-26,27,0,imgv tugas 3d pengalaman kali softwere blender kesulitan mengembangkan produk tutor teman kakak tingkat memudahkan belajar blender pengalaman dibilang konyol proses pembuatan produk kampus menangis asdos demonstrasi produk asdos menguhubungi asdos jam 1700 jam menghampiri asdos 1809 demonstrasi ditutup jam 1800 asdos memiliki tujuan tersendiri ketahui badmood memutuskan membatalkan demonstrasi asdos bab 1 3d semoga kuatkuat deh semoga dilancarkan urusan dosen asdos asprak rekan
2023-10-26,53,0,pembelajaran 3d aplikasi blender memahami tools blender memakai aplikasi pakai aplikasi bingung 3d
2023-10-26,54,1,suka kegiatan media 3 dimensi belajar mendesain mengenal desain kuliah sulit menyesuaikan usahakan tugas desain selesai sesuai deadline asistensi dibantu memperbaiki mengajari menjadikan hasil modeling
2023-10-26,54,0,pemilihan judul produk bingung mengerti desain mencari referensi tutorial pembuatan modeling blender memutuskan pemilihan judul
2023-10-26,26,1,tugas modelling bab selesai pusing modelnya hasilnya buruk proses demosntrasinya ulang dihadapan asisten praktikum berjalan lancar
2023-10-26,5,2,mempelajari coloringtexturing samasama rumitnya modelling kemarin rumit modelling
2023-10-27,55,0,imgv asik banget saking asik nya pengin menangis pengalaman bikin desain 3d
2023-10-27,45,1,materi modeling kesulitan model type software berbeda suka modelnya terkadang kesalahan mengerti shortcut sengaja mengerti asisten asisten mengerti kemampuan
2023-10-27,57,0,mempelajari materi suka wawasan memahami cepat harap mempelarai materi
2023-10-27,59,0,sungguh pengalaman tantangan dimana menyentuh software editing 3d berusaha menguasai ilmu nya
2023-10-27,59,1,mempelajari 3d dimana menyentuh software 3d proses asistensi rumit kating
2023-10-27,60,0,materi mempelajari benda blender menyatukan hasil model model 3d cepat suka model 3d lengkungkan dibentuk sesuai suka proses memblok gambar teliti pengalaman asistensi menyenangkan pembawaannya santai masukan masukan berguna
2023-10-27,61,1,materi kali senang materi pelajari materi menarik dimana mendesain modeling kreatifitas disisi kesulitan dasarnya tau materi mengalami kesulitan mengerjakannya
2023-10-27,61,0,materi mengalami kesulitan dasar materi tertantang jangka sebentar tugas
2023-10-27,62,0,pengalaman mempelajari materi memahami materi proses validasi asisten asistennya ramah
2023-10-27,55,1,belajar imgv bikin stres fikir fikir asik tugas imgv hubungan teman mengobrol mengobrol ketemu asprak asik asik heheh semoga bab diperlancar amin
2023-10-27,22,2,pengalaman mempelajari teksturing mengesankan kali belajar 3d blender sungguh pengalaman mengesankan semoga kuat
2023-10-27,64,0,penasaran pelajari sisi kesulitan tools asik fungisonalnya shortcut kedepannya dibimbing menentukan judul luang ringkup pemilihannya dipersempit tertantang menyerah proses mengerjakannya pantang utama malas belajar nyaman program software malas mempelajari program software
2023-10-27,65,0,pengalaman tugas 3dimensi rintangan rintangan halhal bekal apapun teknologi mata kuliah mengerti bidangbidang mengerti mengedit produk suka teman membantu temannya ehehe
2023-10-27,66,1,pengalaman mempelajari kesulitan pemula mempelajari materi pengalaman merasakan pusing pusing nya pusing banget hehehe mengerti mengedit blender istighfar menerus mengucap allah allah menerus
2023-10-27,67,1,mempelajari matri menarik seru tidsk suka susah mencari ide bingung proses asistensi seru pol revisi hehehe
2023-10-27,67,0,mempelajari matri menarik seru tidsk suka susah mencari ide bingung proses asistensi seru pol revisi hehehe dikit dikit yaallah yaallah hehehe
2023-10-27,68,0,suka duka materi suka nya paham mengerti terpikirkan mempelajari nya senang object 3 dimensi paham mengerti ketagihan mengedit edit kualitas produk bagus bagus duka nya diawal pusing langsung tugas pengarahan mengerti perguruan dituntut mandiri bergantung kesulitan memahami softwarenya dosen bilang lecturer gampang mudah sesulit
2023-10-27,68,1,asistensi nervous langsung asisten praktikum nervous pertemuan asprak kakak kakak asprak helpful tugas tugas tugas relasi kakak tingkat selepas asistensi mendoakan kakak asprak mempermudah tugas dimudahkan perkuliahanya lulus terimakasih kakak kakak asprak
2023-10-27,69,0,pribadi materi menarik menyenangkan materi 2d materi menemukan ketahui pengerjaanya bantuan temanteman materi meningkatkan interaksi sosial teman kakak tingkat
2023-10-27,69,1,bab lumayan sulit kalinya belajar halhal bantuan temanteman menyelesaikannya asisten praktikum asik diberatkan penugasan
2023-10-27,70,1,pengalaman belajar pantang menyerah belajar mgv pengalaman mgv menarik membutuhkan konsentrasi mengerjakannya mgv mantap semangat
2023-10-27,71,0,pengalaman aplikasi blender kali seru kesulitan mengoperasikannya aplikasi ketahui pastinya pelajari pelajaran imgv kesulitan menginjak bab 1 bab pusing kebingungan mengoperasikan aplikasi pengalaman asistensi menguji asistensi mas assistant tantangan menantang paham pengoperasian blender
2023-10-27,71,1,bab modelling diajari arahan aplikasi blender product kebingungan mengoperasikannya mempelajari hasil diajarkan teman paham modelling product kali semoga kedepannya memahami pengoperasian aplikasi blender bab 1 pengalaman asistensi asprak alhamdulillah berjalan lancar cepat ac
2023-10-27,35,1,benerbener mah kalo orangorang ngajari stres berat ya alhamdulillah disyukurihidup dirasain prosesnya instan percaya kalo kuat semangat
2023-10-27,72,0,pemilihan judul ragu opsi judul cari opsi judul dipakai teman menentukan judul kali mengajukan judul spreadsheet judul teman mengharuskan konfirmasi judul sih pemberi tantangan memutuskan mengajukan judul diterima judul pilih mudah sayanya paham mengerti fiturfitur aplikasi blender bantuan video tutorial youtube browsing internet menyelesaikan tugas imgv judul pilih
2023-10-27,72,1,kesulitan bab modelling minim artikel video tutorial judul mencoba temanteman mengubah bentuk senang belajar aplikasi blender aplikasi dibutuhkan model tiruan objek tampilan digital selesai bab modelling bantuan asisten praktikum imgv membantu proses modelling demontrasi dibilang alat memadai kejadian terduga menghadapi bab
2023-10-27,73,0,materi 3d menarik menantang inovasi terbaru dikembangkan kali aplikasi blender kesulitan mengenali fitur fitur aplikasi blender fitur fitur kenali detail bingung mengimplementasikan langkah langkah tutorial kedalam modelling kegiatan asistensi validasi asisten praktikum berjalan lancar demonstrasi mengalami kendala laptop kegiatan asistensi berjalan lancar
2023-10-30,74,0,materi materi sulit mdelling dasar aplikasi blender tau dasar nya mudah 3d aplikasi blender
2023-10-27,75,1,dikasih tugas 3d okelah 45 dikasih tau selesain perbab minggu disitu panik cepatan mengajukan judul biar kayak teman sumpah tuh pusing banget gambaran buatnya kayak cari referensi memutuskan bikin gunung berapi buru ngisi gform panik salah tanggal huhuhu gapapa aman benerin judul diac bikin panik tuh ngisi kertas gabole coretan typo sumpah tuh ngisinya hati banget kalo mengeluarkan jatah uang makanku beli kertasnya untungnya salah noda dikit banget gara bulpoinnya kering hapus jebret deh ceritanya segitu ya dibab
2023-10-28,65,1,aplikasi blender lumayan rumit mempelajari intiinti aplikasinya mengerti mudah
2023-10-28,66,0,pengalaman materi senang bangga membikin aplikasi blender hehehe diperbaiki sesuai
2023-10-28,77,1,matkul mgv kali masuk materi 3d materi lecturer tugas mahasiswanya angkatan 23 karya 3d belajar desain lantas kaget mendengar tugas lecturer kepikiran menempuh pendidikan s1 jurusan bersyukur jurusan tep dulunya karya 3d alhamdulillah desain karya 3d sebagus teman teman bangga pencapaian pelajari mata kuliah disuruh menceritakan pengalaman suka materi ketentuannya disuruh kontrak ribet maksud langsung bikin desain 3d nya langsung capek capek tanggal nya menemui aspr
2023-10-28,77,0,matkul mgv kali lecturer tugas mahasiswanya angkatan 23 desain 3d lecturer memberitahukan tugas kaget frustasi berfikiran belajar desain mencoba lihat media youtube tutorial desain karya 3d mencobanya software blender desain 3d menarik ketentuan nya ribet
2023-10-28,3,1,modelling pengalaman seru menambah skil terkait 3d asprak komunikatif bab berjalan lancar
2023-10-28,78,0,jujur belajar blender kali hidup bingung banget tugas hallsuisseo pengalaman belajar sukai ya asistensi alhamdulillah asisten super pol bab 1 berjalan lancarsemangat 7 ab
2023-10-28,79,0,suka desain 3d desain 3d menggambarkan imajinasi nyata suka bingung pembuatan 3d
2023-10-28,79,1,suka materi 3d menarik dipelajari terkadang bingung mengaplikasikan imajinasi kedalam bentuk 3d
2023-10-29,60,1,pengalaman menarik belajar memiliki basic berusaha menguasainya praktikum kakak asisten ramah
2023-10-29,80,0,memahami blender dasar² nya memahami lumayan menghabiskan halnya tugas paham dasar blender ya produknya selesainya asistensi praktikum selesai report card kesalahan tanggal dimana miskom mas assistant semoga pengurangan skor akibat terlambatnya deadline
2023-10-29,80,1,halnya kritik saran pengerjaan modeling membutuhkan cepat mengejar deadline ngerjakan dasar nya
2023-10-30,74,1,kemarin asistensi pruduk bab modelling alhamdulillah mudah mendemontrasinya dasar dasar aplikasi blender
2023-10-30,83,0,spil khawatir bingung laptop sesuai alhamdulilah beli modelling lumayan susah
2023-10-30,84,1,suka mempelajari materi suka jiakalau membawa mouse kesusahan membawa mouse
2023-10-30,84,0,susah mencari benda tingkat kreativitas rendah memilih mobil judul suka mobil terinspirasi internet mobil
2023-10-30,85,1,belajar mgv seru banget seru nya bintang eheheheh kali ya menangis garagara imgv menangis cinta imgv lecturer ehe seru sih mencaricari asprak tuh kenal katingkating menambah teman seru berburu bintangnya lecturer kesulitan ku bikin 3d sih toolstools nya kadang bikin bingung memakai mouse ribet huhu imgv mudah mood ku teman ngerjain bareng bareng seru kayanya eheheh
2023-10-30,86,0,pengajuan judul mengerti tipe media pembelajaran 3d memilih cocok pilih produk
2023-10-30,86,1,bab modelling melaksanakan asistensi asprak saran saran perbaiki kedepannya
2023-10-31,4,0,proses mencari judul sulit adu cepat cari judul cadangan judul diterima
2023-10-31,87,0,pembuatan modelling kebingungan blender kalinya apk pembuatan 3 dimensi datanglah teman senang hati mengajarkan penggunaan apk sabar suka lupa
2023-10-31,88,0,pengalaman software blender bingung berbeda software 2d lihat youtube tutor teman
2023-10-31,88,1,bingung untungnya validasi lecturer challenge challenge susah modelling lancar
2023-10-31,14,2,semoga kwat deh terimakasi kakak kakak asprak mempersulit sabar menunggu demonstrasi
2023-10-31,89,1,oke oke oke oke oke oke oke oke oke oke oke oke oke oke oke oke oke oke oke oke oke oke oke oke oke oke oke oke oke oke
2023-10-31,89,0,alhamdulillah menghabiskan uang uang makan seminggu membeli kertas elite
2023-10-31,91,0,pengalaman mempejalajari materi tergolong sulit menyentuh software blender basic
2023-10-31,12,2,coloring pusing tujuh keliling belajar coloring texturing blender sedikir
2023-10-31,92,2,coloring mudah cuy gegara projek ku ikutan mudah ya yaudah - semoga lancar
2023-10-31,69,2,bab mudah dipelajari bab modelling mengerti macammacam shortcut blender belajar youtube coloring texturing seru
2023-10-31,2,3,pusing tujuh keliling coloring texturing lighting hadeuh tugasnya semangat
2023-10-31,88,3,lighting pusing tujuh keliling pertamakali memakai software blender semoga lancar ajadeh bab bab aamiin
2023-11-01,7,2,pengalaman mengesankan belajar modelling texturing kayanya belajar hihi semangat
2023-11-01,37,2,seru menambah insight sayangnya versi lawas lumayan susah mencari referensi tutiorial
2023-11-01,78,1,modeling jujur kali apk blender lose thingking pikiran mengeditnya mencari tutorial youtube diliatin pakai 025 speed biar paham alhamdulillah sesuai deadline asistensi asisten banget bantu
2023-11-01,93,0,modelling mengambil pelajaran pertamanya basic aplikasi blender aplikasi blender kekurangan pelajaran ambil
2023-11-01,11,2,kritik saran demonstrasi produk pengalaman kerja memiliki keluhan terkait keterlambatan kedatangan asprak demonstrasi produk seringkali menunggu mengganggu efisiensi demonstrasi membuangbuang saran penyelenggara kehadiran asprak demonstrasi berjalan lancar aplikasi imgv mengalami bug mengganggu pengalaman mengikuti demonstrasi produk menyarankan melaporkan pengembang aplikasi memperbaikinya meningkatkan kualitasnya kelelahan dikeroyok tugastugas saran teman peka membantu tugas tugas memberatkan
2023-11-01,41,3,seru seru revisinya sabar butuh tutorial belajar mword margin biar reportku salah
2023-11-01,27,2,impostor bintang tugas imgv temanteman keliahan sifat aslinnya pulang malam revisi gapapalah semoga kuatkuat ajaah
2023-11-01,24,2,ya allah semoga laptopku diriku menyelesaikan tugas imgv lancar hasil sempurna telat 1 detikpun semoga laptop ku rewel ya allah semoga waras imgv selesai semoga selesai bobok pikiran ya allah
2023-11-01,25,2,semoga laptop aman lancar 3d akhirdan semoga menyeleaikan tugas imgv sempurna hasil memuaskan amin
2023-11-01,95,0,sabar sabar sabar sabar sabar sabar sabar sabar sabar sabar sabar sabar sabar
2023-11-01,96,0,semoga lancar kesabara ketabahan sabar sabar sabar sabar sabar sabar sabar si
2023-11-01,96,1,bismillah nomor nomor manut alur e gusti lan sabar sabar sabar sabar sabar sabar sabar sabar sabar sabar sabar sabar sabar
2023-11-01,10,2,suka coloring seru nyatu2 warna laptop serasa meledak validasi alhamdulillah kakaknya baikbaik banget bantuin banget apaapa menangis hehehehe terimakasih ya kakak semoga harimu minggu
2023-11-01,26,2,pengalaman bab texturing kepala pusing mumet karuan bingung memasuki texture 3 harian bisabisa salah mencet texturenya
2023-11-01,3,2,alhamdulliilah bab coloring sulit asistensi cepat asprak mudah dihubungi fast respon
2023-11-01,97,1,modelling bab 1 melelahkan hahaha menguras tenaga menguras pikiran jam tidue berubah berusaha sekeras offering ku asalah anak egois cewek seegois anak suka bersikap ya hehe
2023-11-01,98,0,pemilihan produk bikin binggung judul produk judul uda dipakai teman teman binggung pilih judul produk
2023-11-01,38,2,coloring mudah modeling prosesnya susah menangis menangis 3 jam garagara laptop mati deadline h1 yaallah100x yaallah yaallah yaallah yaallah yaallah
2023-11-01,19,0,cerita pengalaman pengajuan produk mudah mengajukan judul produk meunggu ac berlanjut ttd prc sih mudah bikin susah tuh ya anak mengambil judul salah sih
2023-11-01,19,2,coloring texturing unexpected banget tutor youtube mudah eh dipraktekkan susah otodidak 3d blender alhamdulillah gagal berkalikali hasilnya memuaskan
2023-11-01,99,0,pengalaman materi menegangkan memilih juduk pertimbangkan babbab kedepannya mengenal membuka aplikasi blender memilih judul memberatkan kedepannya
2023-11-01,99,1,mempelajari materi bab 2 i mengejutkan menegangkan kali blender tools mengerti belajar modeling pusing desainnya selesai
2023-11-01,99,2,materi kali memusingkan 3 malam menemukan solusi salah tools teksturnya masuk
2023-11-01,35,2,alhamdulillah bab kali ringan texture cocok banget texturenya malahsemangat bismillah lancar teros
2023-11-01,8,2,alhamdulillah coloring lumayan mudah daripda modelling heheasprak bab 2 asyik membantu sekalisuks kak daffa
2023-11-01,5,3,pengalaman mempelajari bab lighting lumayan bingung mengatur lighting cocok objek
2023-11-01,9,3,pengalaman mempelajari materi menantang teliti menepatkan langkah proses keluh kesah mengasikan enjoy your proces
2023-11-02,33,2,mempraktekkan materi proses coloring mendingan daripads proses modelling dibutuhkan proses asistensi kali lega revisi mengumpulkan projek aspraknya ramah
2023-11-02,67,2,bab coloring texturing seru menarik mengubah ubah warna sesuai cerita kalo tugas mgv begadang huhuhu sedah merasakan enaknya tidur siang hehehe tugas seru pol
2023-11-02,74,2,bab 2 bingungnya bab 1 tau menempatkan tekstur warna objek tutor mudah bab 2
2023-11-02,101,0,pengalaman 3d dimana membuatnya berpikir membuatnya senang menambah keterampilan editing diharapkan semoga kedepannya dipermudah alhamdulillah judul divalidasi percobaan
2023-11-02,101,1,alhamdulillah bab modeling asprak baaik banget kakaknya kayak mengajari mengasih masukan semoga allah permudahkan urusannya deh
2023-11-02,1,2,proses coloring mudah proses modelling lumayan terbiasa mengoperasikan blender pusing dikit its oke namanya belajar
2023-11-02,102,2,mata kuliah media gravus visual bab 2 asik menyenangkan judul project pilih lumayan mudah
2023-11-02,102,2,mata kuliah inovasi media grafis visual bab 2 asik menyenangkan judul project lumayan mudah
2023-11-02,102,0,mata kuliah media grafis visual mudah dipelajari membantu kemampuan bidang editing
2023-11-02,102,1,asistensi bikin pusing capek lelah malas menyerah gajadi asprak asprak slowrespon terima kasih
2023-11-02,103,1,mempelajari materi produk yaallah yaallah yaallah pengalaman asprak berjalan
2023-11-02,103,0,mempelajari materi menambah ilmu desain grafis mempraktekannya susah mbuatnya yaallah yaallah yaallah astagfirullah
2023-11-02,85,2,capek istirahat pulkam ngulang masamasa jujurly kuat kuat kuatir ahaha becanda sungguhsungguh jurusan ku pilih ehe mencoba teknologi pendidikan 3 jalur garagara imgv nyerah oh bro kuhadapi imgv sesegukan dikit eheheh asli imgv tuh seru banget tau serunya dimana seru isi kepala ngebul isi kepala doang laptopku tahantahan semester 1 tahan stresnya menyisakan air mata nya projectproject sih u project ngoding
2023-11-02,23,2,imgv menyenangkan otakku suka beranganangan hehehehehehehehehehehehehehehehehehehehehehehehe
2023-11-02,83,2,jam 2 malam siangnya tidur alhamdulillah selesai hambatan ya sih tidur pagi terimakasih imgv
2023-11-02,4,2,tugas cari asprak ngeluh aktivitas favorit aspraknya banget bantu sulit nekoneko mempersulit asistensi best banget pokoknya kating kating
2023-11-02,73,2,materi bab 2 coloring texturing sulit suka bab coloring texturing berkreasi menentukan warna karya kebingungan proses coloring texturing tutorial mengimplementasikan warna textur karya
2023-11-02,48,2,materi bab2 coloringtexturing mudah cepat pahami bab1 bab1 mengenal blender
2023-11-02,46,2,belajar materi tau pembuatan media pembelajaran 3d pengerjaannya rumit membutuhkan revisi
2023-11-02,76,2,bab 2 coloring takut susah alhamdulilah susah bab 1 modelling asistensi nya alhamdulilah lancar
2023-11-02,91,1,suka mata kuliah termotivasi mempelajari 3 dimensi sukai tekanan terkejar singkat pemula saran untu asprak memudahkan asistensi membimbing revisi
2023-11-02,52,2,alhamdulillah trial ping piro akhire finish kuis semoga dipermudah bab 8 amin sehat sehat yer
2023-11-02,98,2,bab 2 menyenangkan panik dikit gara gara warnanya blender eh dipencet hehe
2023-11-02,68,2,berharap bab bab segampang kayak hehehehe degdegan takut eh dipuji mbak asprak nya heheheh terimakasih mbak
2023-11-02,100,1,pertamakali memakai aplikasi blender lumayan mengatasi objek objek pembangunan rumah sulit memilih type contruction model
2023-11-02,100,0,aplikasi blender objek 3d pembangunan rumah pemebalajaran smk arsitektur mata pelajaran desaian pemodelan informasi membeli 3 kertas prc mahal pelajaran
2023-11-02,66,2,pengalaman pengerjaan tugas imgv 3d mengenal aplikasi blender ya susah faham sulit semangat mencoba banget sih
2023-11-02,70,2,coloring mudah menyenangkan tertarik senang mata kuliah inovasi media gravis visual
2023-11-02,104,1,sebelumya memiliki pengalaman belajar aplikasi blender kesulitan aplikasi nya bingung belajar belajar pengaplikasian sistem blender 3d
2023-11-02,105,1,aplikasi blender tugas belajar 3d aplikasi blender belajar menggunakannya
2023-11-02,89,2,bab 2 coloring lumayan mudah texturing sulit paham sepenuhnya toolstools blender
2023-11-02,65,2,pengalaman ku bab 2 susah coloring kadang disaat memasukkan warna produk warnakan masuk produk texturing
2023-11-02,71,2,bab 2 mempelajari coloring toturial youtube teman mengoperasikan blender bab 2 kali paham meneruskan produk asistensi mendemonstrasikan bab coloring kali terkadang kelupaan tools mengoperasikan gradient
2023-11-02,106,1,mempelajari 3d membutuhkan ketelitian sabaran menyelesaikan tugas menyelesaikan nya
2023-11-02,30,2,ngerjain bab 2 susah banget coloring warnanya gradasi noise mantengin laptop pagi pagi
2023-11-02,20,2,bab coloring warna tekstur objek menyukai mengaplikasikan material image texture menyesuaikannya uv editing
2023-11-02,62,2,materi memiliki isi lengkap mudah dipelajari asisten praktiknya masukan sopan menghubungi
2023-11-02,72,2,bab kesulitan paham software blender mencoba video tutorial teman mencoba otak atik mengulang objek takut bingung mencari asisten praktik revisi info temanteman asisten praktik buaik kebalikannya menyelesaikan bab 1 maksimal gapapa lecturer bilang berharap semoga kuat
2023-11-02,42,3,mgv seru asprak suka membantu tolong menolongseperti main belajar serunyaabisa kenal kating
2023-11-02,108,0,mengajukan produk jukur bimbang virus sperma pertimbangan memilih virus corona bentuknya lucu banget hihihi
2023-11-02,108,1,bab modeling aslinya sulit gampang ditengahtengah lumayan menguras tenaga pikiran revisi report zuzur wow kejadian lucu fokus ngerjain revisian asprak bilang salaah ganti oren orange disitu ngehnya diganti warna teksnya hasil revisian langsung kirim asprak asprak geleng geleng mengakak lihat revisian
2023-11-02,108,2,bab 2 coloringtexturing gampang susah belajar report bab seblumnya typo menulis tulisan asing dimiringin dk ngoreksi banget alhamdulillahnya revisian 1 kali heheheheeh
2023-11-03,60,2,materi suka rumput proses membentuk tanah beraturan suka asistensi memiliki pengalaman menyenangkan asisten ramah
2023-11-03,56,1,suka materi materi pelajari proses asistensi nya aman aspraknya ribet sat set suka deh materi suka jadwal mepet sakit kayak
2023-11-03,87,2,membingungkan diawal untung nya belajar memahami warna objek warna cocok contoh acuan
2023-11-03,102,3,mata kuliah media grafis visual bab 3 menyenangkan judul project ambil rumit
2023-11-03,15,3,ez bos bab termudah wheheh sebelmya menangis dikit ngaruh file ilanng bsimillah bintang
2023-11-03,111,0,jujur tugas kewalahan menyusahkan teman teman kali awam 3d maaf teman teman semoga umur sehat
2023-11-03,56,2,pengalaman proses asistensi asprak ramah koordinasi aturan penulisan prc
2023-11-03,79,4,pengalaman seru belajar nama nama komponen baling baling helikopter mengerti baling baling memiliki komponen
2023-11-03,11,3,aplikasi mengalami bug seringkali gagal menampilkan nilai memiliki badge mengganggu pengalaman pengguna bug pengembangan perangkat lunak kesalahan muncul merusak kesan positif pengguna aplikasi aplikasi tujuan pekerjaan pendidikan kesalahan menampilkan nilai serius mengganggu produktivitas pengguna menyebabkan frustrasi badge tampil menyulitkan pengguna memahami notifikasi tugas selesai mengakibatkan pengguna melewatkan informasi tugas diselesaikan pengembang keras mengidentifikasi memperbaiki bug nilai ditampilkan badge berfungsi kualitas perangkat lunak kunci menjag
2023-11-03,113,1,modelling bikin menangis pengajuan judul tipe orang belajar software butuh dituntut cepat paham deadline stres gapapa suka mempelajari software editing menambah skil suka telmi lemot susah hafalin shortcut chaos mbak aspraknya puool wes membantu proses revisi
2023-11-03,113,0,memilih judul sesuai kemampuan sih memilih ac judul pas bikin kesusahan teratasi menangis dikit proses bikinnya
2023-11-03,112,1,modeling tugas sagat memahami sagat buta blender mempelajari blender mengerti
2023-11-03,75,2,tementemen coloring texturing sih mudah ya mudah mudahan bertahan produkku pakai texturing mengaplikasikan tekstur objek menurutku lumayan mudah susah cari tekstur cocok produk ku
2023-11-04,24,3,semangat bab 4 semoga asprak enak nan hati semoga laptopku bertahan bab 2 kayaknya laptopku deh give up yuk semangat yuk laptop ku
2023-11-04,7,3,ngerjainnya santuy slow hehe berproses start orang beda beda ya santuy we
2023-11-04,115,0,pengajuan judul bingung mengajukan judul mengajukan judul diterima alhasil memakai judul produk
2023-11-04,115,1,bab modeling jujur kesulitan alasan utamanya mempelajari membuka blender belajar mandiri teman menyelesaikan bab revisi
2023-11-04,59,2,tugas 3d dimana tugas menantang sulit kerjakan dimana noben nya lulusan ips
2023-11-04,15,4,bismillah bisaawalau revisi dibab sebelmya terkait bab semoga semudah bab lighting
2023-11-05,100,3,pemberian lighting lumayan mudah pemberian pencahayaan susah pemberian lighting lumayan suka sulit
2023-11-06,102,4,mata kuliah inovasi media grafis visual project 3d bab 4 lumayan mudah kerjakan
2023-11-06,61,2,materi serumit materi enjoy materi menekankan penggunaan warna tekstur senang mengerjakannya
2023-11-06,95,2,sabar sabar sabar sabar sabar sabar sabar sabar sabar sabar sabar sabar sabar sabar
2023-11-06,107,3,lighting seru gampang teliti asprak ramah bintang 5 terimakasih danish membantu
2023-11-06,19,3,asprak nya lighting lumayan mudah lumayan cepat selesai alhamdulillah lancar
2023-11-06,116,0,blender aplikasi asing mipa original belajar blender menyenangkan ngeri ngeri sedap senang mempelajari blender menarik blender ilmu wawasan pengalaman mengerti betapa hebatnya orangorang dibalik animasi 3d penerapannya filmfilm keren sepwrti starwars dl gamegame kompleks suka paham menjengkelkan kadang klik objek body eh klik blender sayangnya ctrlz dimajukan manusia berubah pikiran pengalaman asistensi kali mengesankan aspraknya belajar mbak asprak sistem relasi bertambah luas mengenal orang menyenangkan belajar orangorang hebat
2023-11-06,116,1,modelling satelit membutuhkan lumayan objek sabar menyusunnya mengatur kecilnya kadang salah klik klik kesulitan temanteman mengajari mbak aspraknya menyenangkan menyenangkan bertemu orangorang hebat membantu proses terimakasih
2023-11-06,116,2,coloring mudah dibanding modelling tspi proyek bagus warna aneh coloring mudah proyek tersedia skinnya google mbak aspraknya menyenangkan temanteman membantu belajar bermain kawan ilmu sungguh beruntung dikelilingi orangorang menemani proses
2023-11-06,115,3,bab serumit bab membutuhkan light mnegaturnya sulit pengaturan lighting objek
2023-11-06,13,2,suka bab coloring pengerjaannya cepat dibandingkan bab sukai bab mencari tekstur cocok design internet sulit mencari alternatif tekstur
2023-11-06,13,3,bab pengerjaannya simple lighting pencahayaan dipelajari susah pengerjaannya tahap modelling
2023-11-06,99,3,bab susah bab bingung prosesnya objek beribtextur gambar susah lighting objek coloring
2023-11-06,92,4,susah susah maju mengambil tantangan cowok seru sih ya mengasah mental btw terima kasih mas assistant
2023-11-06,11,4,mengapresiasi developer pengalaman penggunaan aplikasi mgv meningkat bug fix developer user menemukan bug alikasi mgv tombol navigasi terkadang dipencet semoga developer cepat menanggapi user experience
2023-11-07,25,3,semangat menjalani tugas inidan semoga kedepannya laptop aman 3d semoga melakukannya semaksimal
2023-11-07,96,2,alhamdulillah lancar demostrasinya mbak asprak nya pol cantik pulapeh alhamdulillah pok e
2023-11-07,96,3,semangat semangat semangat yuk lighting bismillah pokok esemangat semangat semangat
2023-11-07,32,2,terimakasih mbamas asprak buaik cantik ganteng manis tugas imgv lancar
2023-11-07,1,3,mendaki gunung melewati lembah menggerjakan bab sampailah penghujung jalan validasi produk
2023-11-07,112,3,pengalaman belajar susah bab coloring texturing bab lighting kekurangan medapat plus
2023-11-07,17,3,menikmati challenge revisian asprak bertemu asprak saransaran kritik membangun
2023-11-07,20,3,bab lighting mempelajari pencahayaan objek 4 lighting poin sun spotlight area
2023-11-07,42,4,mgv seru kritik saran adakarena menemukan kekurangan web inisejauh bagus mudah akses
2023-11-07,101,3,tahapan blender benarbenar blender wadah mengasah meningkatkan skil dunia multimedia pengkaryaan digital
2023-11-07,103,2,alhamdulillah bab 2 mudah semoga mengerjakannya yaallah yaallah menangis
2023-11-07,21,3,lighting nya sat set wat wet alhamdulilah sehari langsung asprak ac semoga bab amin
2023-11-07,84,3,senang mengulik bab lighting 3 file konsep berbeda beda kendala 2 file mengeluarkan bayangan colloring
2023-11-07,8,4,maaf kuis ngebugmenguntungkan sih kadang bikin bingung sok far sok good not bad pengerjaan lighting good i wil my best for next chapter
2023-11-07,85,3,menikmati mata kuliah imgv menikmati ehehehe pengin banget ngejar bintang yaallah kebalap mulu woilah gapapa gapapa next time kali ya mingguminggu daya ya hng salah alasan unuk lalai tugastugas coolyeah imgv mwehehe tuh kayak nya ku hadapi suasana apapun mak butuh someone talk eluselus palanya eheheheh daya pukpuk 3d ya keluh kesah nyakebanyakan keluhin bingung ya pokoknya mah teh butuh orang tua ku sampingku aak pulkam coy
2023-11-07,58,1,jujur modeling susahnya ampun cari referensi asprak mesti report revisi papa
2023-11-07,41,4,kemarin validasi asprak mbak aspraknya alhamdulillah produkku direvisi menambah menambah
2023-11-07,60,3,materi belajar mengatur pencahayaan blender pelatakan arah cahaya dituju kesusahan memilih arah cahaya
2023-11-07,118,2,bab suka warna ta serumit bayangkan pas bab asistensi mas asprak ya sih terimakasih kakak kakak love lu ful
2023-11-07,118,0,kali pengang blander pilih judul alveolus bentuknya bulat bulat kayaknya deh judul laen heuhuhu
2023-11-07,118,1,modeling sumpa pengin nanges uangel stok suabar e kudu dituambah tuambah deh overal semaput aman mek ya yaallah yaallah
2023-11-07,118,3,maafi banget kayak nya akunya teliti lighting bab pulang mudah blander ya semoga kedepannya dimudahin amin serius
2023-11-07,69,3,lighting bab mudah dipelajari paham penjelasan youtube berbedabeda dasardasar bba mudah sulit inisiatif lighting produk berhasil
2023-11-07,73,3,bab 3 lighting mengalami kesulitan proses pengerjaan suka bab 3 lighting bermodalkan tutorial youtube memahami proses lighting validasi berjalan lancar
2023-11-07,24,4,melewati separuh tugas imgv bab 4 semoga drama menangismenangis semoga dipermudah bab 8
2023-11-08,83,3,alhamdulillah rintangan lumayan susah belajar nol pahami terimakasih semangat
2023-11-08,55,3,lighting lumayan bikin pusing menyenangkan drama menangis menangis drama misu misu hehehe
2023-11-08,72,3,bab lighting sengaja jauhjauh deadline dibilang paham bab video tutorial saran asprak point lighting produk
2023-11-08,62,3,materi materi membantu proses lighting suka segi pemaparannya mudah dipahami suka kecepatan video nya mengulangnya
2023-11-08,76,3,bab 3 lighting alhamdulilah mudah bab 1 modelling bab 2 coloring alhamdulilah asprak
2023-11-08,89,3,materi bab 3 lighting mudah kesulitan materi bab lighting pengerjaan 4 model lighting simpel light sun area
2023-11-08,24,0,awalan cerita perjalanan imgv mari awali doa ikhtiar hasilnya bintang barokah
2023-11-08,96,4,bismillah semangat semangat semangat semangat semangat semangat semangat semangat semangat semangat
2023-11-08,31,2,bab coloring leptop merespon warna image harapkan situ serviskan leptop ganti ssd dl menguras duit blender coloring pinjem leptop keberlangsungan project alhamdulillah bab 2 coloring berjalan lancar asprak mbak hana semangat mengejar bintang sungkan teman pinjami leptopnya semoga kedepannya mengejar bintang leptop project berjalan lancar
2023-11-08,61,3,bab kesulitan bab bab bab bermain fokus lighting produk asistensi senang bab langsung menghadap lecturer bintang
2023-11-08,38,3,bab lighting bab termudah bagiku nangisnangis ngerjain menangis menangis
2023-11-08,60,4,belajar design teks aplikasi blender menyesuaikan bentuk bentuk lengkungan materi susah susah gampang
2023-11-08,56,3,suka materi lighting kesan hidup produk sukanya materi lemahnya menangkap informasi pelajari youtube pengalaman asistensinya nyaman menghubungi asprak asistensi perbaiki quiz dimana uji coba salah pilih sekian terimakasih
2023-11-08,70,3,bab enak membuatnya mudah menyenangkan kedepannya belajar hasilnya bagus menarik
2023-11-08,66,3,pengerjaan imgv bab lighting laptop ganti dibalik pengerjaan tugas imgv mengenal blender fungsinya semoga kuat tamat aamiin
2023-11-08,119,3,bab 3 lighting kerjakan mudah tuorial sediakan memahaminya asistensi berjalan mendemonstrasikan pekerjaan asisten praktikum lancar
2023-11-08,119,0,pengerjaan produk 3d memilih mengajukan judul produk memilih judul anatomi tulang rusuk bersyukur langsung ac diterima
2023-11-08,87,3,pengalaman aplikasi mgv terganggu input nilai terkadang kacau sesuai developer dimohon meng fix bug terimakasih
2023-11-08,37,4,seruusaling menyenggol teman teman sehat berkompetisi sehat menciptakan lingkungan kompetisi sehat
2023-11-08,27,4,menunggu kepastian asdos report banget sehatsehat ya asdos semoga fast respons tau kakak sibuk semangat kak menjalani hidup
2023-11-08,116,3,bab lighting menyenangkan lighting bermacammacam aspraknya banget temanteman membantu belajar alhamdulillah satelit bagus
2023-11-08,120,0,mempelajari materi kesulitan mengoperasikan aplikasi salah materi dewasa kehilangan motivasi semangat menyelesaikan tugas kehilangan orang terdekat sakit mengharuskan opname bingung tanggal kontrak terlewat percaya orang memiliki prosesnya masingmasing senang mempelajari suka deadline nya mepetmepet kesulitan tools blender masukan masukan apapun materi menyenangkan menangis mengerjakannya
2023-11-08,82,5,pembuatan animasi menyenangkan web nya rekap nilainya terlambat ac loh
2023-11-08,80,3,bab 3 mudah dipahami ketelitian memposisikan lighting bagianbagian objek
2023-11-08,77,4,pengalaman memahami materi labelling software blender menarik kali mempelajari materi barubaru video tutorial youtube
2023-11-08,54,2,bab 2 coloring sulit alhamdulillahnya asprak hati membantu mengarahkan warna pas
2023-11-08,54,3,bab lighting bingung mengatur penempatan cahayanya mencoba menata alhamdulillah ac asprak
2023-11-08,30,3,lighting lumayan gampang bab ya susah sih ya overal oke sih menangis dikit
2023-11-09,4,3,asisten praktikum banget ragu ilmu kasih masukan baiknya produk terimakasih
2023-11-09,69,4,bab labelling mudah dipahami youtube memahami bab labelling bantuan teman bab
2023-11-09,61,4,bab melaksanakan mudah bab bab mempelajari dasar blender ditahap kesulitan
2023-11-09,61,5,bab mempelajari proses pembuatan animating produk paham mengerti animating bab
2023-11-09,113,2,mudah modelling susahnya proses asistensi berjalan grogi terselesaikan slo respon mas overal syekali masnya bikin jantung copot dirosting dikit ngaruh
2023-11-09,104,2,pengalaman mempelajari materi susah kendala coloring lali ajari teman teman
2023-11-09,75,3,belajar imgv menyenangkan menyita tidurku ya pusing bab tuh cari asprak huhuhu
2023-11-09,68,3,masyallah mencari aspraknya pas teka teki diluar kepala capek untung ac huft semoga bab bab dilancarkan ya pls
2023-11-09,99,4,ya bab kali gaterlalu susah dibanding bab bab ya susahsusah gampang sih tutor membantu hehehe
2023-11-09,26,4,bab labelling kali mengerjakannya susahsusah gampang kali tutor youtube mudah dipraktekkan dipahami
2023-11-09,26,3,bab kali lighting susah susah gampang objek ditexturing gambar hasilnya berbeda objek dicoloring base color
2023-11-09,71,3,bab 3 ligthing kali pengerjaannya mudah cepat asistensi cepat mendemonstrasikan report bab 3 kali pengoperasian blendernya mudah paham membingungkan
2023-11-09,36,4,materinya lumayan mudah melewati materi susah kakak² asprak tolong bimbingan nya
2023-11-09,98,3,bab 3 engga sesusah sih cari aspraknya susah aspraknya uda habis kuotanya
2023-11-09,113,3,berjalan lancar mbak nya banget ramah dam memudahkan orang bab nya berat kayak modelling pokoknya berat modelling
2023-11-09,111,3,alhamdullillah ssedikit mudah lighting soalanya diajari kakak kakak hati terimakasih banayk kakak kakak heheh
2023-11-09,7,4,pengalaman asistensi seru sih kenal kating hati sombong suka menabung hehe sehat semoga tuhan mempermudah urusan
2023-11-09,9,5,pengalaman mempelajari materi menantang menarik mengulik hasil animating bagus menarik
2023-11-09,5,5,pengalaman bab animasi lumayan kesulitan paham animasi sulit menemukan konsep
2023-11-09,86,3,bab lighting prosesnya lumayan cepat asistensi asprak pengetahuan seputar lighting
2023-11-10,59,3,lighting kesulitan sulit coloring texturing 3d pengerjaan tenggat tentukan
2023-11-10,113,4,bab mudah dibanding bab tutor yutup disediakan mudah dipahami tahta tertinggi modelling menangis
2023-11-10,121,1,menyenangkan asprak nya masukan memudahkan belajar mengalami kesulitan dibantu
2023-11-10,121,2,membingungkan paham uv unwrapping blender texture langsung error patah patah
2023-11-10,15,5,aslinya gampang bang ngejar bintang mas assistant aga susah banya challange aga susah
2023-11-11,116,4,bab 4 mudah kesulitan bingung objek penunjuknya selebihnya dilewati berat teks mudah demonstrasinya menyenangkan temanteman membantu kesulitan membantu
2023-11-11,23,4,tahap labeling lumayan eazy pizy lemon squizy hehehehe dibanding modelling uangel alhamdulillah survive ya allah
2023-11-11,103,3,bab 3 kali mudah ya alhamdulillah proses asistensi berjalan lancar alhamdulillah
2023-11-11,33,4,aspraknya mbaknya teliti asik banget dikasi saransaran terima kasih deh semoga kedepannya aspraknya
2023-11-11,119,1,bab 1 modelling langkah pengerjaan produk 3d bab 1 belajar memahami tutorial tutorial youtube asistensi berjalan lancar revisi
2023-11-11,119,2,bab 2 coloring texturing bab mudah dibantu video tutorial asistensi berjalan lancar mendemonstrasikan pekerjaan asprak
2023-11-11,31,3,kating bab 3 lighting mudah lumayan mudah sih asprak enak pinjem leptop ngerjain lighting lancar jam mencoba langsung demons asprak report ku kerjakan besok harinya leptop temenku kirim asprak ac revisian semoga bab bab lancar semoga sehat setep sekian terima kasih
2023-11-12,120,1,materi modelling rumit memakan memahami namanama tools beserta fungsinya proses validasi berjalan lancar
2023-11-12,42,5,bab animaating modelling menantang babrendering sih tergantung spek laptop hehehe
2023-11-12,21,4,alhamdulilah lancar bahagia sentosa semoga render ngebut ngerjain bab amin
2023-11-12,117,4,semoga bab entar bab 6 habis asprak super duper mega juta duper amin 40x
2023-11-12,101,4,tahap alhamdulillah dikejar pemahaman pelajari berkreasi sekreatif menata mengedit bentuk ukuran warna tulisan
2023-11-12,28,4,materi mudah dipahami media pembelajaran membantu media mudah dipahami
2023-11-13,55,4,aman ya teman teman tau randeringsemangat teman teman mengejar imgvtulation
2023-11-13,79,6,bab rendering dilatih kesabaran proses rendering sisi senang pengalaman belajar menyenangkan
2023-11-13,88,5,animasi pusing banget susah banget step 3d tersusah sih ya ahirnya effort sih
2023-11-13,38,4,tahap berjalan mudah proses pengerjaan mencari asprak proses validasi semoga dipermudah
2023-11-13,35,4,alhamdulillah kesini babnya mudah bingung meletakkan dimana posisi menaruh teksnya
2023-11-13,80,4,bab labelling materi tutorial dapatkan mudah dipahami diterapkan produk selesaikan
2023-11-14,48,4,bab 4 labelling materinya mudah dipahami mudah mempraktikannya materi bab
2023-11-14,14,4,alhamdulillah mata kuliah mgv sok far tumbang tipes demam terimakasih asprak mempersulit
2023-11-14,76,4,bab 4 labelling alhamdulilah lumayan mudah sulit bab 1 modelling asprak nya sih
2023-11-14,73,4,materi bab 4 labelilling susah mudah mengaplikasikannya didalam produk suka materi bab labelling
2023-11-14,11,5,mempelajari materi animasi jujur lumayan menikmatinya terkendala device blue screen
2023-11-14,122,1,bab 1 modeling alhamdulillah terselesaikan kendala first time pakai blender bersyukur asprak banget ramah cantik
2023-11-14,30,4,labelling gampang ribet overal chil sih ngerjain labelling chil reportnya xixixixixixi
2023-11-14,17,4,seru sih bab katingnya mengajarkan adikadiknya asprak temui saran kritik membangun
2023-11-14,122,0,nya drama ditolak judulku alhamdulillah terima produkku gampang first time pakai blender sebisaku
2023-11-14,122,2,bab 2 texturing alhamdulillah lancar kendala cuman terlambat banget 11 ngerjain tugas bersyukur terlambat asprak cantik
2023-11-14,70,4,bab mudah bersemangat mengerjakannya kedepannya semangat belajar aspraknya
2023-11-14,66,4,mempelajari materi labeling faham 3d fitur fitur blender memperkokoh iman istighfar
2023-11-14,65,4,dapatkan labeling mengatur menyesuaikan objek 3 dimensi tools bab labeling
2023-11-14,72,4,bab menyerah laptop bermasalah kelimpungan memikirkan menyelesaikan tugas untungnya dibantu teman menemani bab didemontrasikan semoga besok aspraknya
2023-11-15,71,4,bab 4 kali bab dimengerti mengoperasikan blender bab masj mudah pengerjaannya cepat
2023-11-15,45,4,materi labeling pengerjaan kendala mencari asisten kendala instagram mencari asprak
2023-11-15,25,5,semangat menghadapi imgv samappi imgvdan semoga terbaik ppelajaran amin
2023-11-15,96,5,ok ok ok ok ok ok ok ok ok ok ok ok ok ok ok ok ok ok ok ok ok ok ok ok ok ok ok ok ok ok ok ok ok ok
2023-11-15,51,3,pengalaman belajar materi pencahayaan blender bermanfaat materi disajikan lengkap mendalam memahami konsep pencahayaan blender
2023-11-15,123,0,keren suka mgv keren mgv sungguh mrnyenangkan suka melatih mbuat desain produk apstinya mengembangkan skil imgv kusuka
2023-11-15,122,3,lighting lumayan mudah mudah cari aspraknya 8 bersyukur asprak mbak adellia cantik imut banget
2023-11-15,123,2,suka apda coloring bingung yutorial diyoutube nya beda bikin bingung malas menantang seru produk 3d
2023-11-15,123,1,bab modelling sungguh menguras jam tidur deadline nya singkat membikin ketar ketir untung teman siaga membantu
2023-11-15,10,5,seru belajar blender belajar temanteman kakak tingkat membantu mgv aspraknya banget gaenak maybe cuman revisi sih salah hehehe sok far sok good banget 1010 keren belajar 3d moga laptop kuat hehehe
2023-11-15,9,6,pengalaman bab seru berpikir produk layak produk mencukupi syarat syarat anjurkan dosen menguras bab
2023-11-15,29,2,pegalaman bab coloring berkesan dimana berusaha menyesuaikan warna produk dimana mencoba memasukan warna cocok produk
2023-11-15,29,3,pengalaman didalam bab kesulitan mengatur power cahaya produk percobaan lakukan cahaya pas menampilkan detail produk
2023-11-15,29,4,pengalaman bab membongkar produk didalam produk kesulitan bab membongkar nama bab animasinya
2023-11-16,124,0,mengajukan judul mengalami kesusahan ditolak 3 kali dedlinenya tanggal 27 tanggal 30 judul ac sekian
2023-11-16,38,5,tahap animasi menantang terbiasa animasi software belajar aplikasi blender
2023-11-20,109,5,bab animating lumayan susah bab coloring lighting bab animating modelling susah tingkat kesulitannya
2023-11-16,124,1,bab 1 memiliki kesulitan modeling sulit bantuan kating disuruh tutor youtube youtube butuh bantuan langsung mencari bantuang kating alhamdulilah selesai tenggat
2023-11-16,125,0,pengajuan produk mengisi link gform berisi judul produk tanggal kontrak demonstrasi report nya membeli prc sesuai warna ditentukan offering nya alhamdulillah nya lancar ac
2023-11-16,125,1,asistensi modelling menghubungi kak thasya asprak bab 1 terkendali nya laptop pengerjaan bab 1 poin plus melebihi tanggal kontrak jujur sedih alhamdulillah allah jalan ide sewa laptop terdekat mengusulkan orang tua setuju semoga semester 2 laptop merepotkan teman latihan objek 3d mengerjakannya laptop teman alhamdulillah revisi nya materi lms tutor youtube sekian terimakasih
2023-11-16,125,2,asistensi bab 2 modelling memilih menghubungi kak syifa asprak bab 2 asistensi nya online gmeet revisi report nya perbaiki terimakasih kak syifa arahan pengertiannya bab 2 nilai plus laptop sewa surabaya kedepannya berusaha meminimalisir keterlambatan menghindari poin plus
2023-11-16,125,3,asistensi bab 3 lighting menghubungi kak risti asprak nya siang kwu turun hujan alhamdulillah nya berjalan lancar demonstrasi report nya terimakasih kak risti
2023-11-16,68,4,bismillah pokoknya semoga dilancarkan bab bab biar cepat selesai biar cepat healing
2023-11-16,68,5,bismillah bab semoga mudah semoga dimudahkan teman teman desember semoga pulang halangan
2023-11-16,2,5,pengalaman belajar materi ragu percaya menyelesaikan bab berusaha keras menyelesaikan bab harap bab kegiatan asistensi asprak bab
2023-11-16,98,4,bab 4 lumayan sesusah segampang untungnya asprak habis untung report ku cepat selesai hehe
2023-11-16,84,5,bab animasi ide menganimasikan produk terkendala laptop menganimasikan laptop
2023-11-16,90,4,pujituhan lancar mengerjakannya santai asistensi lancar semoga kedepanya lancar
2023-11-16,123,3,bab mudah mudah mudah banget dirasa bab mudah dipahami mudah sekian terimakasih
2023-11-16,22,5,belajar animasi 3d mengajarkan kesaaran belajar sungguh-sungguh berubah berusaha sesuai kemampuan terpenting
2023-11-16,111,4,alhamdullilah kemajuan sulit bantuan teman teman nya cepat membantu teman kesulitan
2023-11-16,64,2,pengalaman tugas memiliki kesan tersendiri dimana tugas kesulitan minimnya tutorial referensi aplikasikan tertantang menyelesaikan produk bab
2023-11-16,46,5,tama ucapkan terimakasih kakak2 kating membantu meluangkan asprak 5 bab sayang
2023-11-16,16,5,menganimasikan objeknya kendala keluhan apapun mengatur posisi kamera duh sabar
2023-11-17,116,5,suka mempelajari materi animating menarik objek berjalan mengatur kamera menyorot objek kali demonstrasi yeri pengalaman berharga
2023-11-17,19,5,animating mudah sulit tergantung konsep animating dibilang lumayan mudah memahami
2023-11-17,103,4,bab 4 bab terbilang mudah animasi berharap semoga semoga kuat laptopnya sehat sehat ya laptopku allah manusia manusia mgv
2023-11-17,86,4,proses asistensi bab labelling sulit step step rumit asprak membantu masukan
2023-11-17,41,6,animating susah sih bingung pas validasi diajari bimbing banget lecturer alhamdulillah
2023-11-18,3,5,bab animating sulit ketelitian tingkat sesuai keyframe mas assistant membantu
2023-11-18,113,5,materinya rumit bab pusing modelling kali buka blender hafal shortcut nya teliti pengaturan scene nya aman ya allah ya allah pas ngerjain semoga revisian amin
2023-11-18,102,5,pengalaman menyelesaikan proyek bab 5 menyenangkan asik judul produk lumayan mudah support kemampuan
2023-11-19,4,4,suka banget asisten praktek easy going nekoneko pelit ilmu kesini kayanya suka sistem
2023-11-19,119,4,bab 4 labelling mudah disediakan video tutorial lms asistensi berjalan lancar mendemonstrasikan produk
2023-11-19,11,6,membaca mempelajari materi render eve workbench cycle blender memiliki kendala device memadai render animasi
2023-11-20,23,5,bab 5 pusing ya wak menganimasikan objek adobe animate blender tampilannya berbeda bingung banget workspacenya beda animasiin pas tau letaknya animate hehehehehehe sekian terimagaji
2023-11-20,4,5,pengalaman kali seru sih mual ngerjain animating didepan laptop seharian cenut cenut alhamdulillah revisi dikit
2023-11-20,27,5,animasi seru sampaisampai otakku keblender semangat pokoknya gua mah jir
2023-11-20,35,5,m bab 5 membingungkan ya tau insyaallah mudah rumit mengatur menganimasikan
2023-11-20,5,7,kesulitan bab dubbing menyesuaikan suara perputaran video hasil render hasil render ukuran file nya seklai 12 gb
2023-11-20,100,5,pengalaman animation objek kekurangan kelemhan objek play animation objek play aplikasi blender not responding
2023-11-20,89,5,materi bab 5 susah butuh kesabaran minimnya pengetahuan tools tools blender kesulitan
2023-11-20,42,6,animating rada rada susah butuh kesabaran mengerjakanya untung sabar hati tersenyum
2023-11-20,62,5,pengalaman mempelajari materi paham mengalami kebingungan teman membantu proses pengerjaan bab animating terimakasih
2023-11-20,31,4,menyelesaikan bab 4 labelling kemarin lancar belajar memasukkan teks panah petunjuknya report kerjakan lancar walapun menunggu senggangnya leptop teman asprak banget ramah nge revisi revisi report semoga bab asprak enak terimakasih mgv mengajarkan bersyukur ditengah ketidakbisaan semoga bab 5 selesai lancar bab cepat target desember mgvtulation desember kegiatan padat bem libur uas sekian terimakasih
2023-11-21,7,5,belajar animating wow duar duar duar gapapa deh imgv yekan semangat manusya manusya quat
2023-11-21,21,5,lumayan seru menambah ilmu cuman bingung tau shortcutshortcut nya hehehe seru banget animasi
2023-11-21,83,5,bab ful keburuburu insyaallah selesai lumayan kerja keras bab terimakasih
2023-11-21,75,4,labelling lumayan mudah ya kalo sulit cari aspraknya huhuhu ful selebihnya belajar labelling menyenangkan
2023-11-21,33,5,asprak kali banget jago maygat kalo kayanya wajib solusi mbak asprak serba
2023-11-21,101,5,perkiraan animasi tahapan susah mendengar desas desus teman animating mudah mencoba susah mencoba pengalaman berharga
2023-11-21,78,5,nge plus bab animation pesimis sesuai jadwal ditambah projek peran tep asistensi semoga ac
2023-11-21,73,5,bab 5 animating butuh perjuangan mengalami kesulitan kebingungan proses animating produk
2023-11-21,71,5,bab 5 animating kali susah melanjutkan produk faham mengoperasikan blender tahap animating rumit menyelesaikannya teliti
2023-11-21,69,5,bab animating kesabaran penempatan kamera kuncinya sabar teliti semangat temanteman dikit
2023-11-21,7,6,hm imgv menyenangkan kadang drama nya asistensi ngebut dijalan hujan pengalaman terlupakan
2023-11-21,92,5,animating benaran stres bingung belajar kemana paham memakai keyframe dl terima kasih kasih tutorial
2023-11-21,92,6,rendering benaran bingung laptopku spefikasi kentang pakai laptop teman terima kasih tantangan mas assistant tau
2023-11-21,108,6,bab laptop mbledos mencoba berusaha menduplikat file blender taruh flasdis biar kalo laptop emoet backupan heheheh
2023-11-22,99,6,bab kali sulit babbab proses rendering berjalan membutuhkan laptop panas
2023-11-22,51,7,pengalaman dubbing lumayan mudah beda aplikasiakhirnya tahap tinggal srlangkah lagisaya bahagia lega melewati produk harinyatrimakasih dosrn kawan kawan pamit bab dubbing sih lu babay
2023-11-22,70,5,imgv is the best imgv is the best imgv is the best imgv is the best imgv is the best imgv is the best
2023-11-22,118,4,910 sih bab ku tanggal 14 asistensi tanggal 10 maghrib2 hujan eh salah kehujanan mkstnya niatnya ngejar bintang animating eh magernya kondisikan minimal sesuai eh 2 parah dear moodku ayolah membaik please
2023-11-22,60,5,asprak kesusahan mengatur fps saatdi play patahpatah takutnya rendering berubah
2023-11-22,68,6,bismillah semoga bab 6 asprak membimbing ku sabar produk ku selesai secepatnya heheh
2023-11-22,72,5,bab kesulitan objek berputar pas coba berhasil berputar ttapi berhenti mencoba berkalikali bab bab modelling lupa 1 step hasilnya bergerakmaksimal
2023-11-23,48,6,bab 6 rendering kali materinya dipraktikkan mudah bab sebelumsebelumnya
2023-11-22,50,7,war is overrakhirnya titik dimana menyelesaikan mumettpuji tuhan selesai tentukanini perjalanan babmasih tugas tugas hars selesaikantrimakasih ucapkan dosem tercinta bpk yeryteman teman berjuang belajar tugas inipacar membantu sayamenghibur sudha menyerahmenyemangati sayajuga encu unpad um menghalangi kuta mensupportdan orang tua sayayang keras membelikan laptop matkul initrimakasih doa doa tiada habisnyasaya bersyukur krpada tuhan yesus kemampuan menyelesaikan tuga inisekitan terimakasih babay sih u
2023-11-22,39,5,meraasa tertantang dengaan animasi sanggaat agaak mudah berterimakasih asprak
2023-11-22,86,5,pad bab 5 kesulitan belajar sumber asistensi asprak saran saran diperbaiki
2023-11-22,14,5,over al kuat kak tasya banget terima kasih ya bab coba ambil bintang always kedluluan hadeh
2023-11-22,67,6,ya kritiknya menangis semenjak animating hidup tenang hehehehe hua papa seru pol
2023-11-23,23,6,tahap rendering lumayan butuh effort ngerender jam 3 jam 9 weh renderan gagal ngerender alhamdulliah tinggal dubbing semoga cepat porto xixixixixixixixiixixixixixixixixixi
2023-11-23,54,5,bab animating lumayan dibantu tutor teman teman lali kembangkan model animasi saran asprak animasi aspraknya pol
2023-11-23,24,6,alhamdulilah selesai tinggal 2 bab sungguh terima kasih keras titik sabar jadikan buku heheheheheh
2023-11-23,42,7,rendering membutuhkan komputer nya memiliki spek rendah beli laptop mahal
2023-11-23,80,5,bab animating tutor menganimasi susah butuh kesabaran penuh mengatur kamera dsb
2023-11-23,121,5,bab memusingkan plts working model bingung working utnung asprak masukan
2023-11-23,114,3,belajar lighting menantang menyenangkan susah mengatur penempatan lightingnya berhasil melewati bab lighting
2023-11-23,114,5,excited bab terbayang hasil produk menambah semangat cepat menyelesaikan produk 3d
2023-11-23,66,5,materi megajarkan kesabaran ketelitian berusaha pantang menyerah semoga kuat bab 8 aamiin
2023-11-23,6,6,stres animating teliti sabar penuh perjuangan pengulangan salah sesuai
2023-11-23,9,8,mempelajari materi bab 1 bab 7 seru sharing teman salut teman teman ajak belajar pengalaman individu senang alhamdullilah mempelajari ketentuan penulisan laporan praktek uji dosen asprak
2023-11-23,63,1,bab modelling proses pembuatan produk bab susah produk bentuk langkahnya rumit kali aplikasi blender
2023-11-23,63,2,dibagian colloring lumayan tricky pintar pemilihan warna tekstur efek produknya produk asli real
2023-11-23,63,3,bab lighting mudah memilih 1 4 opsi light tinggal menggeser mengatur keterangan cahaya sesuai disitu diubah warna cahaya bab bertujuan produk bagus indah
2023-11-24,19,6,kalo sih mengeluhkan menunggu proses rendering laptop kuat pinjam kadang sungkan
2023-11-24,30,5,animasi kalaubga paham susah banget sih habis mengajari teman engah kalo animasi gampang ribet mindahin kamera2 nya overal 810
2023-11-24,126,6,proses rendering memliki kesabaran luas proses rendering abar menunggu
2023-11-24,29,5,berdasarkan pengalaman tugas imgv bab animasi bab susah bab bab bab kreativitas memperindah produk kesan didalam bab mengesalkan susah menikmati proses didalam bab
2023-11-24,126,1,bbmodelling software blender memakai software blender bantuan teman membantu proses modelling
2023-11-24,126,2,proses coloring mudah template mencari template susah asprak fast respon cepat proses asistensi
2023-11-24,126,5,proses animating susah menyerah mencoba tutor teman menyelesaikan proses animating proses susah animating
2023-11-24,11,7,menikmati proses audioing dubbing tahapan belajar ntuk materi anak memiliki background multimedia menikmati proses editing audio memiliki kendala lms bermasalah beranda memberatkan keetika melaksanakan validasi produk ditambah kesusahan menyesuaikan validasi jam senggang dosen asprak terkadang meng cancel kesibukan validasi asprak dosen sekian pengalaman bagikan terimakasih
2023-11-24,116,6,rendering proses mudah tahapan blender end timeline 1300 menunggu 30 menit cepat demonstrasinya aspraknya temanteman membantu proses berproses
2023-11-24,33,6,aspraknya seru banget kerasa kalo ngobrolnya habis asistensi animating kah
2023-11-24,10,6,seru aspraknya sesusah animasi keren sih bikin benda bergerak thank u kakak2 uda bantu terima kasih temanteman support semangat pokoknya one step closer nie
2023-11-24,118,5,2 gapapa laah yaudah nya mageran suruh anak moodyan terimakasih senior membantu membimbing lope lu pul
2023-11-24,20,6,bab rendering belajar merender produk bentuk render animation render image
2023-11-24,120,4,bab 4 prosesnya lumayan rumit serumit proses modelling kakak aspraknya membenarkan kesalahan pekerjaan
2023-11-24,23,7,tahap dubbing mudah dibanding modelling hehehehehehe semangat abisini porto mgvtulaition
2023-11-24,24,7,alhamdulilah yuk tinggal 1 bab buku tunggu kakak cowok tolong dirosting ya kak cowok percayalah sepenuh hati air mata bergadang malam revisi tiada henti
2023-11-24,14,6,sat set wat wet top markotop jos gandos rendering hasil video oke prc suruh keluarkan langsung ttd
2023-11-24,35,6,m segi quiz bab sih pusying salah2 hehehe hmmapa ya moga tahap bab moga laptop kuat seorang2nyasemangat tinggal dikit
2023-11-25,60,6,materi membutuhkan kesabaran ekstra memprediksi peletakan keyframe hasil rendering susah ngira laptop kuat rendering 100 frame mengrender 1 jam hasil video berdurasi 1 menit animating not responding pengerjaan mudah tunggunya
2023-11-25,31,6,bab 6 rendering menyangka senang suddah mgvtulation kemarin vote desain template bang ngerayakan mgvtulation yuhu seru pokok dirayakan sih beli mixue kalo demons render cape kesana kemari pinjem leptop animating render alhamdulillah lancar hambatan pas nge render terimakasih teman temanku minjemin leptopnya nemenin mengajari semoga amal diterima tuhan amin
2023-11-25,75,5,belajar animasi bikin pusing banget ya allah ngerjainnya disambi menangis bikin lupa makan ya tumbang huhuhu untung asprak banget mengajari selesai
2023-11-25,82,6,kalo render pakai laptop meletup hehehehehehehe ya biar fast hehehehehehehehehehehehehehehehheheheheheheheheheheeheheheheheheheheheheheheheheheheheh
2023-11-25,22,7,belajar desain 3d blender mengajarkan kesabaran telaten penuh mencapai hasil
2023-11-25,27,6,rendiring ez asistensi seru ayoklah pengin cepetcepet buku kuning semangat ya
2023-11-25,21,6,render menyebalkan ditungguin semaleman hilang alhamdulilah render jam 9 jam 6 hehehe
2023-11-25,117,6,waaw soaalnya suusaa4h banget aw aw aw gila semoga asprak um slese menangis
2023-11-25,2,6,mengalami kesulitan mempelajari materi bab animating materi mencakup konsep rumit membutuhkan pemahaman mendalam frustasi kesulitan memahaminya telat validasi produk halhal sukai mempelajari materi tantangan materi tantangan tertantang mempelajarinya halhal sukai mempelajari bab banyaknya fiturfitur pahami sulit mempelajarinya singkat mengalami proses asistensivalidasi menyenangkan asisten praktikum maunya memicu perasaan kesal asisten praktikum menuntut mahasiswa tugastugas praktikum sempurna paham kesulitan
2023-11-27,103,5,masyaallah allahukabar plus ikit gangaruh deh selesai bab rumit bikin pusing ya - lewatkan asistensinya alhamdulillah lancar
2023-11-25,31,5,bab 5 animating bab lumayan susah kalo dipikirkan seru kalo dijalanin mainan keyframe ubah2 arah camera rotasiin objek konsep animatingnya lo bikin lumayan menguras tibanya pas demons asprak direvisi ngubah keyframenya seru hasilnya bagus dikit konsep ku terimakasih asprakku hati aneh aneh alhamdulillah report langsung ac huyu semoga bab berjalan lancar hambatan niatan kejar bintang semoga terwujud deh amin target november selesai desember kegiatan ditinggal bismillah cepat mgvtulation kayak rank tuh
2023-11-25,35,7,alhamdulillah proses rendering terdugahihihi memakan 10 menit hasilnya terduga 22 detik 1375 frame
2023-11-25,100,6,rendering salah bab laptop not responding susah kalo laptop not responding demons
2023-11-26,108,7,bengong kasih backsound mas kasih backsound dj virus menguncang dunia ya alhamdulillah loh masuk bab 7 xixixixi
2023-11-26,72,6,bab rendering jujur laptop kuat rendering konsultasi tau dipaksa rendering takut laptop meleduk rendering lab yer pc memadai
2023-11-26,13,7,bab mudah ketelitian menyesuaikan audio animasi membutuhkan proses pengerjaan sebentar
2023-11-26,62,6,paham materi dipaparkan proses asistensi aspraknya banget diarahkan produk menarik
2023-11-27,112,6,rendering membutuhkan kesabaran luas dikarenaan berpengruh spesifikasi laptop
2023-11-27,56,5,bab sulit kalinya animating sulit gerak memilih working model mempelajari nya 2 ful menonton youtube tutor animating terlambat mendemonstrasikan tugas
2023-11-27,68,7,bismillah dubbing semoga dipermudah semoga bab dipermudah benaran selesai imgv post imgvtulation heheheh
2023-11-27,101,6,rendering tahap memiliki tahap ter sederhana proses pembuatan produk harap hasil render hasil bedge bintang
2023-11-27,97,0,memilih judul lapisan kulit ikan bersisik tampilannya mudah contoh semoga asik belajar blender
2023-11-27,119,5,bab 5 animating sulit dibanding bab butuh ketelitian ketelatenan mengerjakannya mendemonstrasikan asprak
2023-11-27,39,7,sangaat senaang kareena haabiis baab seleesaai taapi takuut dengaan revisiinya
2023-11-27,97,4,labeling panik sulit eh engga sesulit bayanginharus butuh ketelitian kesabaran sih
2023-11-27,76,6,alhamdulilah bab 6 rendering lumayan mudah tinggal menyimpan file laptop lemot alhamdulilah asprak nya dipersulit
2023-11-27,97,5,tahap animating binunggtapi ngerjain barengbarengsamatementemen alhamdulillah nya selesai menangis dikitmana revisi 3x hiks
2023-11-27,8,5,ya lms membantu link video youtube mengrahkan sesuai bab ditujuuntuk asprak baiksemua oengerjaan sesuai kecakapan mahasiswa
2023-11-27,69,6,bab rendering mudah dipahami youtube menemukan rendering cepat rendering membutuhkan
2023-11-27,71,6,bab animasi bab 6 rendering kali frustasi mudah mengoperasikan tutorin teman youtube tutornya mudah dipahami 2 bab
2023-11-28,65,5,animating kesusahan menganimasikan produk berkat temanteman merasakan kemudahan dibantu
2023-11-28,123,5,keren bagus suka animating sat set ngerjain nya bikin jago animasi pokok nya animating suka
2023-11-28,123,4,keren labbeling mudah tinggal nambahin text nambahin tabung cone sejenis nya selesai
2023-11-28,73,6,bab 6 rendering mudah diterapkan didalam produk 1 kali tutorial paham tata merendering
2023-11-28,1,7,penghujung acara ucapkan selamat kuat tugas semangat tau revisi awokawok
2023-11-28,66,6,pengalaman proses pengerjaan imgv bab animating sungguh menguras kesabaran memahami imgv
2023-11-28,17,6,seru sih aspraknya sesuai harapan kritik saran mendukung bab asprak mengoreksi
2023-11-28,94,6,rendering mudah alan kendala laptop kuat merendering alhasil pinjam laptop teman
2023-11-28,103,6,alhamdulillah mudah semoga dipermudah yaallah mbak bunga mengasistensi terima kasih ya mbak
2023-11-28,16,7,kritik saran lebihnya mohon maaf wassalamualaikum warahmatullahi wabarokatuh
2023-11-28,7,7,bab akrab namanya revisian hehe mangats deh manusya manusya kuat ditunggu ya mgvtulationnya
2023-11-28,26,7,bab 7 kali mudah mempelajari materi aplikasi dubbing penggabungannya animasinya
2023-11-28,30,6,rendering gampang keselnya kadang objek aslinya akhirnua render ulang overal 8510
2023-12-01,43,7,pusing dikit ngaruh bab dubbing 10010 gampang sejam buatnya mwehehehehehehehe
2023-11-28,22,8,tujuan pembuatan 3d target audiennya cocok pembelajaran terburuburu hasil produk cocok pembelajaran aarrggh hentikan penderitaan
2023-11-29,119,6,bab 6 rendering kerjakan lumayan singkat alhamdulillah patah patah proses rendering
2023-11-29,11,8,kesulitan meng convert pdf word format layout berubah kacau menata ulang
2023-11-29,15,7,kalo kemarin ngerjainnya menangis nyerahhbut part kali eazy pizzy lemon squizy jam kelar wheheh
2023-11-29,59,7,sungguh pengalaman mgv bab bangga bab bab telatnya jurusan ips tau software desain
2023-11-29,63,4,bab labelling susah gampang stepnya rumit susahnya menempatkan panah tulisannya lurus sejajar butuh ketelitian kesabaran hasil perfect berusaha terbaik
2023-11-29,63,5,bab animating kesulitan susah memahami menghafal stepnya salah langsung bingung memperhatikan bingung bab
2023-11-29,116,7,bab dubbing berkesan efek suara dicantumkan mempengaruhi tampilan keren memakai backsound avangers demonstrasi menyenangkan
2023-11-29,111,6,alhamdullillah cepet ngerjakan rendering gampamg animating nya huhu ya allah kuatkan hamba hamba pengin pintar
2023-11-29,72,7,melewati sadar tugas terduga semoga senin besok asistensi mas cowok amin
2023-11-29,102,7,mgv asik mgv asik mgv asik mgv asik mgv asik mgv asik mgv asik mgv asik mgv asik mgv asik mgv asik mgv asik
2023-11-29,80,6,bab rendering mudah memahami langkah langkah sabar menunggu proses renderingnya
2023-11-29,98,6,bab 6 sabar rendering pol buset rendering membutuhkan kesabaran buanget
2023-11-29,86,6,asistensi bab rendering kesulitan asistensi berjalan lancar asprak membantu saran masukan
2023-11-29,76,7,alhamdulilah bab 7 stres bab 7 lumayan tinggal bikin audio ngedit semoga semangat
2023-11-29,97,6,rendering luaama buanngeet sumapah 5jam menunggu eh lhakok hasilnya texture hilang yaudah deh render hiks
2023-11-29,19,7,alhamdulillah susahsusah banget palingan susahnya audio grusak grusuk mencoba ngedit pakai ai yaudah deh
2023-11-30,30,7,dubbing seru kayak mengajar anak ya anak sd sih mantab overal 810 hehehe
2023-11-30,8,6,pengerjaan animating langkah² diulang konsisten dilakukananimating laptop berat mengalami bug not responding terus²anvalidasi mudah revisi kesalahan top
2023-11-30,83,7,bismillah cepat selesai kegiatan lakukan heheh terimakasih semoga lancar
2023-11-30,123,6,keren rendering kuat laptop bertahan hidup tinggal nyawanya sedikittapi tendering hikmah keapada laptop kuat menjalankan render
2023-11-30,18,7,proses asistensi lumayan singkat bab alhamdulilah bab semoga dibab dipermudah amin
2023-11-30,7,8,penghujung bab semoga minim revisi hua semangat pejuang buku kuning semangat mgvtulation
2023-11-30,78,6,bab rendering kesulitan deg degan menunggu rendering kepikiran laptop kuat ya
2023-11-30,73,7,bab 7 dubbing kesulitan mengimplementasikannya didalam produk butuh ketelitian kesabaran penguasaan materi labelling
2023-11-30,80,7,bab 7 dubbing mudah mengekstrak audio diekstrak kedalam animasi apk edit capcut
2023-11-30,125,6,alhamdulillah mempelajari materi bab rendering semoga asistensi bab 6 render berjalan lancar amin
2023-11-30,125,5,alhamdulillah menyelesaikan demonstrasi pengerjaan report semoga revisi revisi merevisi nya sesuai ketentuan konsistensi bab
2023-11-30,29,6,pengalaman bab rendering kesal laptop kuat kali crash keti nengconvert produk mengharuskan merendernya pc
2023-11-30,125,4,alhamdulillah proses asistensi berjalan lancar semoga projek kerjakan nilai plus melebihi deadline kuis laman lms mnrt lumayan berat cakupan materi nya semoga kedepannya ringankan sekian terimakasih
2023-11-30,62,7,proses pengerjaannya mudah aplikasi handphone wakttu asisten berjalan lancar asprak nya ramah
2023-11-30,74,8,alhamdulillah bab 8 perjalanan penuh dengah keluh kesah bab 1 bab dukungan teman anak tep ngerjain bareng alhamdulillah bab
2023-11-30,16,8,alhamdulillah bab 8 kelewat deadline satupun semoga bab 8 lancar khusnul khotimah amin
2023-11-30,20,7,bab dubbing aplikasi capcut terinstal hp mudah dubbing terbiasa capcut
2023-11-30,10,7,keren one step closer kerasa selesai seru banget pokoknya matkul salah masuk tep dah penyelasan hehehe semoga survive amin terimakasih kakak kakak trmanteman
2023-11-30,120,5,bab lumayan sulit dibandingkan babbab proses pengerjaannya menyenangkan alhamdulillah kakak asprak sabar
2023-11-30,49,6,bab rendering tau proses rendering produk 3 dimensi salah aktivitas menyenangkan
2023-11-30,33,7,wow ekspek asprakan mas mas dimudahkan ya mas suryo bintang sepuluh satset anti ribet dikoreksi terima kasih semangat ngerjakno tugas
2023-11-30,108,8,bab semoga lancarkan amin selangkah mgvtulation ya allah semoga lancarkaan
2023-12-01,82,8,alhamdulillah penghujung semoga lancar lancar uhuy bismillah revisinya
2023-12-01,3,7,dubbinv menyenangkan suka edit video asprak enak diajak asistensi dimana
2023-12-01,8,7,penggunaan lms efektif darioada prclms kemudahan oengerjaanjuga melacak progres nilai kitabanyak diperbaiki xontohnya bug quiz ya approved
2023-12-01,2,7,alhamdulillah menyangka bab 7 percaya pakai aplikasi blender semoga desember mgvtulations amin
2023-12-01,85,8,penghujung bab 3d terimakasih teman² ku asprak kaka² tingkat membantuku menyelesaikan project lega senang mengerjakannya susah payah begadang menangis malam eheheh doa terbesar ipk smstr 1 38 aamiin yaallah semoga kuat menyelesaikan project² spd blkg namaku dngn lulusan cumlaude amin allahumma amin semoga plg ihihihi
2023-12-02,96,7,semoga plus peh ayo semangat 2 langkah semangat oke oke oke oke oke oke oke oke oke oke oke oke oke oke
2023-12-02,49,7,bab dubbing memiliki ketertarikan tersendiri pengisian suara butuhkan ketenenangan suara hasilkan jernih
2023-12-02,117,7,semoga bab lapan kemudahan indah huhuhuhuhu takut banget loh yaallah seminggu tanggal sepulu des
2023-12-02,117,2,wow semoga bab lapan indak mepet selesainya semoga laporannya sesuai idaman cowok amin puluh orang
2023-12-02,19,8,bismillah semoga lancar terkendala apapun semoga revisi cepat ac mgvtulation amin
2023-12-02,126,7,pengalaman bab dubbing susah susah gampang mengatur ketepatan dubbing pergerakan animasi
2023-12-02,39,8,sangaat leega dengaan sampaai baab 8 lampaau i dengaan baaik daan sempurrna
2023-12-02,93,8,bab produk lumayan mudah tinggal merender image harapan menyelesaikan produk
2023-12-02,54,6,bab rendering dibutuhkan kesabaran ekstra memakan untungnya tunggu scrol reels instagram tiktok btw alhamdulillah asprak
2023-12-03,4,7,ramah banget aspraknya semoga lancar deh doakan mgvtulation cepat ya rekan
2023-12-03,64,5,proses pengerjaannya memakan kebingungan disebabkan asing software berusaha menyelesaikan tugas bab
2023-12-03,98,7,bab 7 alhamdulillah ngerjain bab 7 dilancarkan hehe plus e asprak seng super duper
2023-12-03,119,8,bab bab 8 product hasil kerjakan semoga dipermudah dilancarkan asistensi verifikasi validasi selesai amin
2023-12-03,61,8,seri war list digrup kalo mas cowok sih bacok bacokan hehehehehehehehehehehehe
2023-12-03,48,8,pembelajaran 3d semester seru menantang basic desain pembelajaran pembelajaran
2023-12-03,100,7,editing video dubbing apliksi tergampang alhamdulillah tinggal 1 bab revisi syukuri
2023-12-03,116,8,blender berkesan hidup menjadikan kenal orang membantu menyenangkan belajar blender
2023-12-03,126,8,bab war melatih tangan mengetik cepat semoga cepat selesai imgv tulation
2023-12-03,71,7,bab 7 kali mudah dioperasikan menyesuaikan dubbing produk 3d butuh ketelitian mengepaskan animating pengeditannya bab 7 kali bikin adrenalin meningkat war validasi produk terimakasih
2023-12-04,60,7,bab pengeditan susah mudah tisak memakai aplikasi blender memamkai aplikasi pengeditan familier
2023-12-04,51,8,belajar titik imgv selamat berjuang nangis2 berhasil happy imgvtulation
2023-12-04,29,7,pengalaman bab bab bab mudah memasukkan rekaman suara hasil render didalam pengerjaan nya membutuhkan
2023-12-04,77,8,materi proyek 3d selesai asistensi praktikum temui bab 8 takut validasi asisten praktikum temanteman halhal revisi bab 8
2023-12-04,70,7,dubbing mudah labelling butuh mengerjakannya 1 kemarin kota 2 acara keluarga papa ikhlas sabar tabah dl
2023-12-04,55,7,capek tau nyusun buku kuning teman teman suka mengajari mentang mentang kelar bantu teman
2023-12-04,75,6,bab rendering lumayan berat prosesnya menyiksa laptop laptopku panas prosesnya lumayan suka menunggu aspraknya alhamdulillah asprak pol
2023-12-04,75,7,bab dubbing mudah suaraku jelek rekaman berulang kali asistensi nya lancar asprak fast respon
2023-12-04,118,7,nih first time mencoba mas reng takut banget sumpa masnya buaik kesannya kayak next time deh dicoba
2023-12-04,127,0,pengalaman modelling tidur bingung menngunakan blender seru tertantang mengenal orang
2023-12-04,54,7,bab dubbing alhamdulillah diatasi mudah cepat terimakasih asprak banget mengasistensi cepat
2023-12-05,73,8,bersyukur bab materi imgv perjuangannya perjuangan terbayarkan buku kuning bangga
2023-12-05,63,6,bab rendering kesusahan bab tinggal merender produk menunggu hasilnya membutuhkan kesabaran terimakasih
2023-12-05,26,8,bab pennyelesaian buku kuning anak kos menghabiskan mengeluarkan uang lumayan buka grup mengecek wwar slot asistensi
2023-12-05,66,7,alhamdulillah yaallah bab 7 plong semoga dopermudah kedepannya imgv 3d oke
2023-12-05,104,6,lumayan mengasah kesabaran ya ges sabar menghadapi rendernya animasi rendernya lemot
2023-12-05,78,7,finally selesai tinggal menunggu besok ac cowok semoga ac terima kasih kakak kakak asprak bersabar meluangkan asistensi
2023-12-05,111,7,alhamdullillah bab semoga teman teman kakak kakak emmbantu imgv bermanfaat amin
2023-12-05,120,6,bab rendering mudah butuh 22 jam menyelesaikan rendering 1500 frame kakak aspraknya banget memberitahu kesalahan
2023-12-05,89,8,sabar sabar sabar sabar sabar sabar sabar sabar sabar sabar sabar sabar menghadapi revisi
2023-12-05,90,7,pujituhan ac semoga next bab diperlancar mgv tulesyen terima kasih tyb
2023-12-05,96,8,alhamdulillah pon bab 8 niki semoga revisi ok ok ok ok ok ok ook ok ok ok
2023-12-05,10,8,alhamdulillah one step closer terimakasih ya kakak kakak teman teman ngerjain bareng tidur masjid semangat2
2023-12-05,2,8,alhamdulillah penghujung perjuangan pengorbanan semoga diperlancar urusan asistensinya semoga mgvtulations amin
2023-12-05,72,8,bismillah asistensi bab 8 semoga lancar revisi semoga mas cowok mood terbaik mgvtulation im coming
2023-12-06,64,6,mengalami kendala proses render memakan menunggu hasil proses pengerjaan
2023-12-06,37,8,yoosemangat buku kuning hir ayem por yuk epriting ku perjuangkan untukmu buku kuning keramat
2023-12-06,113,6,prosesnya mudah sesusah down dikit aspraknya senyum judes sabar mbak memaafi lola bantu teman
2023-12-06,6,8,terimakasih tugasnya menikmatinya keruwetan didalamnya - war kenangan banget
2023-12-06,20,8,alhamdulillah mgvtulation yeay terimakasih membantu garis finish hehehe
2023-12-06,24,8,alhamdulilah dipenghujung perjalanan menyelesaikan imgv terima kasih pelajaran kesabaran ketekunan semoga nilainya bagus plus amin mari tutup alhamdulilah jumpa perjalanan tugas lecturer
2023-12-06,125,7,oke pengalamanku pengerjaan asistensi bab 7 alhamdulillah berjalan lancar bismillah goes mgvtulation
2023-12-06,55,8,bismillah selesai asitensi cowok revisi nya dikir semoga langkah bikin bangga aamiin
2023-12-07,65,8,imgv banget belajar nya mengerti poster sampul buku objek 3d mengerti poster sampul objek 3d terimakasih imgv luv
2023-12-07,118,8,sekain ucapkan teimakasih mohon maaf sumpa iki tugas tereffort sakumur umur menerjang hujan gerimis beldekan barang hahahaha
2023-12-07,36,8,gwvevsvvdhbfbdvdvdvevegwvevyn5nthbevevvsvscscscscscscv wcececsccscscsvevevesvsvevbesgfwfh3gwgwgwgafqfwfqf
2023-12-07,63,7,bab dubbing kesusahan karen mengedit capcut lumayan mudah menggunakana hp
2023-12-07,113,7,mas nya enak memudahkan urusan adek tingkatnya wes pokok mudah dirosting
2023-12-08,63,8,bab produk menyatukan hasil produk tau hasil produk bagus berusaha semaksimal
2023-12-08,71,8,terimakasih tugas mgv lumayan dibikin up and down benaran diuji mental fisik projectnya jujur bikin menangis banget pas ngerjain bab 1 bab animating fan pastinya pas nyusun porto trims
2023-12-08,113,8,kelaar big thanks asprak cowok asprak membantu sabar menghadapi love lu al
2023-12-08,117,8,finally huhuhu selesai senang banget semoga nilai bagus semoga semester kedepannya lancaar
2023-12-08,70,8,imgv ter the best selesai alhamdulillah alhamdulillah alhamdulillah alhamdulillah alhamdulillah
2023-12-10,92,8,mgvtulation terima kasih membantu menyelesaikan mata kuliah proyek berterima kasih lecturer st mt validasi akademik kemudahan ac lembar pengesahan kkp terima kasih mas insanul mengajari dasardasar perangkat lunak blender dukungan proyek terima kasih mas zacky teman shandy mengajari bab 1 3 terima kasih kakak tingkat 2022 mas wildan mbak sekar dl membantu menyelesaikan proyek terima kasih mas assistant tantangan pelajaran dihasilkan situ lupa temanteman membantu proses pengerjaan proyek terima kasih mohon maaf sebesarbesarnya kesalahan disengaja disengaja
2023-12-11,75,8,bab produk alhamdulillah selesai habis bawa laptop ya revisi an capek bolak tukang print
2023-12-11,64,8,kesannya menyenangkan memori dikenang awalawal perkuliahan mempererat pertemanan menolong perjuangan mencari asprak dl beban plong berhasil menyelesaikan penghujung bab
2023-12-12,120,8,alhamdulillah selesai bab 8 bab menarik dipelajari awalawal sulit melelahkannamun lelah keluh kesahnya hilang tanda tangan
2023-12-12,44,4,penggunaan lms imgv membantu mahasiswa pemantauan nilai mempelajari materi
2023-12-12,44,5,pengerjaan animating mengalami kendala salah satunya pengerjaan membutuhkan fokus teliti
2023-12-12,44,6,pengerjaan rendering hambatan pengerjaan mudah bantuan mater disediakan lms
2023-12-12,44,8,proses asistensi cowok mudah membantu mengkoreksi report menghadap validasi produk
2023-12-15,31,7,bab dubbing salah bab sulit mengerjakannya sibuk sibuknya senang bab dikit mgvtulation bangga menyelesaikan walupun tantangan menantang bangga mempersembahkan hasil project 3d terima kasih asprak dubbing terima kasih teman teman membantu semoga project dipublishkan bahan pembelajaran bermanfaat
2023-12-18,69,8,project imgv menantang susah seru mempelajari objek 3d manejemen fisik lainlain balance
2023-12-19,101,7,diakhirakhir pengerjaan mood stabil malas ngerjain kepikiran selese bermasalah diakhir curhat mama bapa alhamdulillah beliau kuat kuatin kasih semangat ditambah doa doa beliau
2023-12-19,124,8,validasi bab 8 menantang dikejar deadline file bersifat hardware print
2023-12-19,101,8,projek senang bersyukur disamping iringi keluhan pergejolakan mood biarpun melanggar aturan dimana alhamdulillah terselesaikan
