created_at,user_id,topic_id,stemmed_message
2023-10-24,1,0,cerita rasa tugas dimensi pesimis tugas sanggup menang sadar tugas mudah matkul per tokopedia
2023-10-24,2,1,senang ajar materi 3d materi tarik manfaat suka ajar objek 3d bentuk dasar objek kompleks suka ajar teknik manipulasi objek 3d suka materi kompleks butuh ajar materi terkadang teoritis praktikal baik harap materi kemas sistematis mudah paham harap materi fokus praktikum mahasiswa langsung terap teori ajar alam asistensi proses asistensi validasi jalan asisten praktikum bantu sabar
2023-10-24,2,0,senang ajar materi 3d materi tarik manfaat suka ajar objek 3d bentuk dasar objek kompleks suka ajar teknik manipulasi objek 3d suka materi kompleks butuh ajar materi terkadang teoritis praktikal baik harap materi kemas sistematis mudah paham harap materi fokus praktikum mahasiswa langsung terap teori ajar proses asistensi validasi jalan asisten praktikum bantu sabar
2023-10-24,3,0,ajar materi seru awal susah basic web damping bab kes tarik struktur
2023-10-24,4,1,pusing ajar blender ya allah bismillah lancar selesai suka ajar mgv benarbenar bawa ubah suka mencaricari asistem praktek terkadang sulit hubung ajar benarbenar otodidak aplikasi asing toolsnya alam tambah ilmu jurus tau
2023-10-24,5,0,alam projekprojek mata kuliah inovasi media grafis visual projek2 nya penuh tekateki tantang suka nya latih gerak cepat memdesain suka milik basic desain alami sulit teman milik basic desain
2023-10-24,6,0,suka materi ilmu desain 3d kuranhg suka butuh device mumpuni asdos bantu mahasiswa paham judul
2023-10-24,5,1,alam projek 3 dimensi suka suka banyak suka buat aplikasi blender ya suruh projek 3 dimensi alam pasti lupa kepanikan2 nya
2023-10-24,7,0,ajar materi bingung darimana basic desain 3d ajar step by step hasil sesuai mampu bisa hehe
2023-10-24,7,1,alhamdulillah aju judul langsung ac ya tuhan tau ku segimana syukur apa hasil proses maksimal
2023-10-24,8,0,salah mata kuliah favorit dalam ajar seru monotontidak membosankandi ajar lecturer tuntut mahasiswa ikut beliaunamun bebas mahasiswa kreatif milik mahasiswa disiplin atur membangn semangat mahasiswa sedia bintng bab i love mgv
2023-10-24,10,0,expect ngejain 3d but seru banget ajar walopun kayak rollercoaster semangat ya mentemen makas bantu hehehe
2023-10-24,9,0,alam materi senang tantang asah ilmu ajar smk ulik software nya ajar sekolah tengah juru alam asistensi validasi rasa tugas proyek tantang hadap dosen asisten dosen asisten praktek tata nya sopan hasil proyek tele tele gerogi demonstrasi
2023-10-24,11,0,kali cerita alam ajar mgv materi mgv unggul asal smk menang start banding teman asistensi asprak demonstrasi produk langsung dosen awwalnya kaget harus lapor biasa aplikasi word ajar teman selesai tugas mgv milik kendala asistensi teman keluh asisten sensitif kes susah ajak kompromi tugas selesai haya alam cerita
2023-10-24,12,0,alam materi senang seru tantang asah ilmu ajar smk dalam 3d blender
2023-10-24,13,0,materi 3d susah milik alam dasar desain 3d aplikasi rumit susah ajar materi kembang skil desain pasti alam guna depan
2023-10-25,14,0,atas ajar modeling software perintah hasil buat sempurna lms jiga bantu tenggat proyek
2023-10-25,16,1,ajar 3d blender butuh damping tutor macam guide ngangong
2023-10-25,17,0,seru sih tantang buru bikin sulit ya tuntas tugas ajar tutor batas seru relasi katingaspraknya ajar adikadiknya ajar
2023-10-25,11,1,nikmat model ajar alam seru tantang luas tahu terkadang hadap kendala lapor aspek seru tantang ajar mikat batas tulis lapor tantang sendiri proses cerna paham materi ajar muas transfer paham lapor terampil organisasi muka gagas sistematis upaya atas kendala ajar tulis lapor cari pandu latih harga sempat model ajar bantu atas keterbatan jalan alam ajar seru muas
2023-10-25,18,1,bismillahirrahmanirrahim moga mudah asistensi mudah urus amin
2023-10-25,8,1,moga mgv asah soft skil kerja seemangat suka tidak tahu guna blender
2023-10-25,18,0,bismillahirrahmanirrahim moga asisten praktikum mudah urus mahasiswa
2023-10-25,19,1,ambil judul salah temanteman ambil judul lumayan mudah bentuk bulat kotak bunga bentuk kompleks sulit buat menang hehe
2023-10-25,10,1,senang ajar 3d explore tutorial agam sumber wishlist cita pengin 3d modeling pengin bikin anime hehehe struggle nya bingung lupa tools pakai sok far so good makas
2023-10-25,20,0,ajar produk 3d blender ajar tools kembang produk tau tools grab belah produk boolean lainlain
2023-10-25,21,0,suka ajar seru ajar sayang laptop penuh hehe seru moga beli laptop mudah tugas yeay
2023-10-25,22,0,senang project 3d laptop pakai raam 2 intel celeron gen 4 tantang macet2 dikit ngaruh apa daya rampok orang tua jelang lansia rumah sakit2 an eh rampok beli laptop spek dewa - igal tweet social activity nikmat proses protes protes takdir moga kuat bismillah bintang
2023-10-25,23,0,mgv ribet asik canda asik tugas mgv benerbener tantang kerja ya allah ya allah suruh masuk tep
2023-10-25,22,1,senang ajar 3d suka rampok orangtua 3d mampu orang tua teman moga solusi rampok orangtua
2023-10-25,24,1,jujur sunggup tugas 3d tugas menang malam hilang semangat jalan hidup milik basic bidang 3d terimakasih alam titik sabar
2023-10-25,25,1,jujur sanggup tugas 3dkarena tugaskarena menang pikir tugas 3d
2023-10-25,26,0,tugas imgv kali project 3 dimensi project kali ajar aplikasi blender penggunaanya menghapal toolstoolsnya shortcut numpad penggunaanya ajar seru bikin pusing banget ajar pinterpinter cari youtube google tugas kontrak bikin pusing panik lapor bingung etik ajar youtube kadang aplikasi
2023-10-25,27,1,ajar blender tugas 3d awam fiturfitur aplikasi blender lumayan sulit hafal fiturfitur aplikasi blander tutor temanteman kakak tingkat mudah ajar blander harap tugas jalan lancar asprak asdos dosen terimakasih
2023-10-25,29,1,dal ajar materi kesan takut senang kali ajar materi blender senang ajar
2023-10-25,29,0,kesan pesan dalam tugas takut senang sisi kali ajar aplikasi blender takut senang ajar
2023-10-25,30,0,ajar materi beda modelsmodels 3d menjadiebih erti perbedaanya
2023-10-25,14,1,alhamdulillah lancar kakak asprak mantul moga sulit adik tingkat lancar wisuda
2023-10-25,13,1,materi sulit butuh sabar terampil extra kerja milik alam editing 3d sulit kerja moga selesai tugas
2023-10-25,31,0,project 3d pakai software blender first time pakai software bagus keren senang mikir susah banget laptop spek nya rendah ajar mudah mudah ambil project lapis planet saturnus ajar lapis planet anjur media 3d serta didik maksimal paham kognitif tahap modelling selesai 5 pemberitahuan project tanggal 25 oktober jam 645 an d4204 demonstrasi modellingku lecturer moga tahap tahap maksimal terima kasih lecturer mas assistant cepat share tentu tulis lapor
2023-10-25,32,0,ajar software blender tools temu software tambah wawas 3d kembang kreativitas jujur suka software kurang paham asistensi assisten praktek erti lupa tools langkah langkah buat asprak bantu senang hati
2023-10-25,31,1,tahap modelling selesai 5 pemberitahuan project tanggal 25 oktober jam 645 an d4204 demonstrasi lecturer demonstrasi jalan lancar ac tahap modelling bantu kakak tingkat dasar operasi blender first time guna senang hasil muas moga tahap tahap maksimal saran info lapor tentu tulis terima kasih lecturer mas assistant
2023-10-25,33,0,alam tugas 3d seru banget ya ajar blender pusing jus eh stres hehe untung tutor youtube teman kating rela luang ngajarin terima kasih kesediaanya syukur banget sih selesai asistensi tahap modelling moga depan lancar aamiin moga cepat mgvtulation deh biar plong alhamdulillah asisten praktikum fastrespon kalo dichat chil lupa dibantuin makas makas sih temu disukain dasar proses validasiasistensiku ya
2023-10-25,20,1,software blender ajar belah objek gabung objek lainlain erti shortcutshortcut kembang produk 3d blender cari tutorial youtube ajar kakak tingkat teman angkat
2023-10-25,9,2,alam ajar materi butuh teliti sabar ulet paham tutorial refrensi dekat bab luas imajinasi bayang tekstur warna objek alam bab jelas objek bentuk
2023-10-25,35,0,materi kali alhamdulillah pusing bingung ngarahin ajar samasama serasa tugas mgv ya kalo ajar blender
2023-10-27,36,1,alam validasi seru asprak baikuntuk ajar materi lumayan susah
2023-10-26,37,1,asyik seru tantang terseokseok ajar otodidak tutor baya kating nikmat
2023-10-26,37,0,maaf rekanrekan mahasiswa tep 23 sopan mohon bimbing akademik sikap terima kasih
2023-10-26,38,0,alam aju judul berguras pikir jadwal mata kuliah kalah cepat aju judul kelas juduljudul turut mudah isi penuh temantemanku bingung ambil judul pilih ambil judul anatomi usus manusia judul ac gegas beli kertas stempel kwu besok nya tanda tangan mas assistant
2023-10-26,38,1,alam modelling tarik judul terima lalu validasi tenang kuasa blender tutorial youtube coba nya gagal menang ovt tau kapai coba nya nol doa sekhusyu2nya tara im happy with my progres
2023-10-26,41,0,suka moga bintang ajar blender suka revisi tolong mas revisijangan terima kasih mas
2023-10-26,42,0,website nya bagus mudah paham keren bantu ajar inovasi media grafis 2d 3d seru
2023-10-26,43,0,ngerjain menang ngeluh gapapa deh materi banget ajar terima kasih lecturer
2023-10-26,44,0,seru sih ajar 3d tugas cari cari asprak kesal seru main main 3d
2023-10-26,45,0,alam blender ddalam desain 3d buat smk smk halang covid 19 pemberljaran evektif materi model suka sistensi asisten milik keingina sifat beda iitu mebuat terkadang bingung
2023-10-26,23,1,mgv jaya jaya jaya jaya jaya stres gapapa happy kayak terimakasih hehe
2023-10-26,1,1,usaha bab modelling ya allah ya allah everyday terima kasih tugas tugas nyebut sekian
2023-10-26,43,1,alhamdulillah selesai tugas grafis visual paham proses buat bahan ajar peran ajar
2023-10-26,46,1,alhamdulillah proyek selesai ajar proyek 3d syukur selesai bab 1
2023-10-26,46,0,suka hapus bidang sulit tata objek ajar ulang kali
2023-10-26,28,1,modul ajar bagus ajar modul simpel keren modul mudah akses
2023-10-26,47,0,ikut matkul tau erti 2d 3d erti tooltool sekar erti ajar proses matkul
2023-10-26,42,2,materi nya mudah paham bahasa inggris aku tau materi coloring texturing
2023-10-26,48,0,ajar kali materi ajar tarik mana tugas desain produk 3d
2023-10-26,21,1,seru banget tugas cuman laptop bikin greget moga rezeki biar beli laptop amin
2023-10-26,50,1,alam ajar campur aduk pusing hadap laptopsaya sulit laptop pada jujur mampu 0 karnasaya lulus ips makan kagettapi papa usaha menghianati hasilyang los hehehe puji tuhan sulit capeeini etik ya pokok teh capek bangettsoalnya duduk terussakit punggung
2023-10-26,51,1,alam kuliah ngeri ngeri sedap tugas mgv untung bidang passion tep bikin susah sih bikin produk asistensi nya ribet huhu emotnangis sekian thankyou
2023-10-26,50,0,objek garis lengkung kendali derajat lengkung mana tools cocok
2023-10-26,17,1,suka kerja tantang tugas minggu tambah deadline lumayan mula asprak temu katingnya bantu adik susah
2023-10-26,51,0,kuliah aman aman sih hehe kayak gampang banget gitoh i suka matkul matkul tep lucu lucu dosen sabar sabar lecturer abah zain hehe
2023-10-26,52,1,moga kuat tamat tugas lumayan tantang teka teki mecahin asprak lumayan sueru rodok rodok
2023-10-26,27,0,imgv tugas 3d alam kali softwere blender sulit kembang produk tutor teman kakak tingkat mudah ajar blender alam bilang konyol proses buat produk kampus menang asdos demonstrasi produk asdos menguhubungi asdos jam 1700 jam hampir asdos 1809 demonstrasi tutup jam 1800 asdos milik tuju sendiri tahu badmood putus batal demonstrasi asdos bab 1 3d moga kuatkuat deh moga lancar urus dosen asdos asprak rekan
2023-10-26,53,0,ajar 3d aplikasi blender paham tools blender pakai aplikasi pakai aplikasi bingung 3d
2023-10-26,54,1,suka giat media 3 dimensi ajar desain kenal desain kuliah sulit sesuai usaha tugas desain selesai sesuai deadline asistensi bantu baik ajar jadi hasil modeling
2023-10-26,54,0,pilih judul produk bingung erti desain cari referensi tutorial buat modeling blender putus pilih judul
2023-10-26,26,1,tugas modelling bab selesai pusing model hasil buruk proses demosntrasinya ulang hadap asisten praktikum jalan lancar
2023-10-26,5,2,ajar coloringtexturing samasama rumit modelling kemarin rumit modelling
2023-10-27,55,0,imgv asik banget saking asik nya pengin menang alam bikin desain 3d
2023-10-27,45,1,materi modeling sulit model type software beda suka model terkadang salah erti shortcut sengaja erti asisten asisten erti mampu
2023-10-27,57,0,ajar materi suka wawas paham cepat harap larai materi
2023-10-27,59,0,sungguh alam tantang mana sentuh software editing 3d usaha kuasa ilmu nya
2023-10-27,59,1,ajar 3d mana sentuh software 3d proses asistensi rumit kating
2023-10-27,60,0,materi ajar benda blender satu hasil model model 3d cepat suka model 3d lengkung bentuk sesuai suka proses blok gambar teliti alam asistensi senang bawa santai masuk masuk guna
2023-10-27,61,1,materi kali senang materi ajar materi tarik mana desain modeling kreatifitas sisi sulit dasar tau materi alami sulit kerja
2023-10-27,61,0,materi alami sulit dasar materi tantang jangka sebentar tugas
2023-10-27,62,0,alam ajar materi paham materi proses validasi asisten asisten ramah
2023-10-27,55,1,ajar imgv bikin stres fikir fikir asik tugas imgv hubung teman obrol obrol ketemu asprak asik asik heheh moga bab lancar amin
2023-10-27,22,2,alam ajar teksturing kesan kali ajar 3d blender sungguh alam kesan moga kuat
2023-10-27,64,0,penasaran ajar sisi sulit tools asik fungisonalnya shortcut depan bimbing tentu judul luang ringkup pilih sempit tantang serah proses kerja pantang utama malas ajar nyaman program software malas ajar program software
2023-10-27,65,0,alam tugas 3dimensi rintang rintang halhal bekal apa teknologi mata kuliah erti bidangbidang erti edit produk suka teman bantu teman ehehe
2023-10-27,66,1,alam ajar sulit mula ajar materi alam rasa pusing pusing nya pusing banget hehehe erti edit blender istighfar terus ucap allah allah terus
2023-10-27,67,1,ajar matri tarik seru tidsk suka susah cari ide bingung proses asistensi seru pol revisi hehehe
2023-10-27,67,0,ajar matri tarik seru tidsk suka susah cari ide bingung proses asistensi seru pol revisi hehehe dikit dikit yaallah yaallah hehehe
2023-10-27,68,0,suka duka materi suka nya paham erti pikir ajar nya senang object 3 dimensi paham erti tagih edit edit kualitas produk bagus bagus duka nya awal pusing langsung tugas arah erti guru tuntut mandiri gantung sulit paham softwarenya dosen bilang lecturer gampang mudah sulit
2023-10-27,68,1,asistensi nervous langsung asisten praktikum nervous temu asprak kakak kakak asprak helpful tugas tugas tugas relasi kakak tingkat lepas asistensi doa kakak asprak mudah tugas mudah perkuliahanya lulus terimakasih kakak kakak asprak
2023-10-27,69,0,pribadi materi tarik senang materi 2d materi temu tahu pengerjaanya bantu temanteman materi tingkat interaksi sosial teman kakak tingkat
2023-10-27,69,1,bab lumayan sulit kali ajar halhal bantu temanteman selesai asisten praktikum asik berat tugas
2023-10-27,70,1,alam ajar pantang serah ajar mgv alam mgv tarik butuh konsentrasi kerja mgv mantap semangat
2023-10-27,71,0,alam aplikasi blender kali seru sulit operasi aplikasi tahu pasti ajar ajar imgv sulit injak bab 1 bab pusing bingung operasi aplikasi alam asistensi uji asistensi mas assistant tantang tantang paham operasi blender
2023-10-27,71,1,bab modelling ajar arah aplikasi blender product bingung operasi ajar hasil ajar teman paham modelling product kali moga depan paham operasi aplikasi blender bab 1 alam asistensi asprak alhamdulillah jalan lancar cepat ac
2023-10-27,35,1,benerbener mah kalo orangorang ngajari stres berat ya alhamdulillah disyukurihidup dirasain proses instan percaya kalo kuat semangat
2023-10-27,72,0,pilih judul ragu opsi judul cari opsi judul pakai teman tentu judul kali aju judul spreadsheet judul teman harus konfirmasi judul sih beri tantang putus aju judul terima judul pilih mudah saya paham erti fiturfitur aplikasi blender bantu video tutorial youtube browsing internet selesai tugas imgv judul pilih
2023-10-27,72,1,sulit bab modelling minim artikel video tutorial judul coba temanteman ubah bentuk senang ajar aplikasi blender aplikasi butuh model tiru objek tampil digital selesai bab modelling bantu asisten praktikum imgv bantu proses modelling demontrasi bilang alat pada jadi duga hadap bab
2023-10-27,73,0,materi 3d tarik tantang inovasi baru kembang kali aplikasi blender sulit nali fitur fitur aplikasi blender fitur fitur kenal detail bingung implementasi langkah langkah tutorial dalam modelling giat asistensi validasi asisten praktikum jalan lancar demonstrasi alami kendala laptop giat asistensi jalan lancar
2023-10-30,74,0,materi materi sulit mdelling dasar aplikasi blender tau dasar nya mudah 3d aplikasi blender
2023-10-27,75,1,kasih tugas 3d oke 45 kasih tau selesain bab minggu situ panik cepat aju judul biar kayak teman sumpah tuh pusing banget gambar buat kayak cari referensi putus bikin gunung rap buru ngisi gform panik salah tanggal huhuhu gapapa aman benerin judul diac bikin panik tuh ngisi kertas gabole coret typo sumpah tuh ngisinya hati banget kalo keluar jatah uang makan beli kertas untung salah noda dikit banget gara bulpoinnya kering hapus jebret deh cerita segitu ya bab
2023-10-28,65,1,aplikasi blender lumayan rumit ajar intiinti aplikasi erti mudah
2023-10-28,66,0,alam materi senang bangga bikin aplikasi blender hehehe baik sesuai
2023-10-28,77,1,matkul mgv kali masuk materi 3d materi lecturer tugas mahasiswa angkat 23 karya 3d ajar desain lantas kaget dengar tugas lecturer pikir tempuh didik s1 jurus syukur jurus tep dulunya karya 3d alhamdulillah desain karya 3d bagus teman teman bangga capai ajar mata kuliah suruh cerita alam suka materi tentu suruh kontrak ribet maksud langsung bikin desain 3d nya langsung capek capek tanggal nya temu aspr
2023-10-28,77,0,matkul mgv kali lecturer tugas mahasiswa angkat 23 desain 3d lecturer memberitahukan tugas kaget frustasi berfikiran ajar desain coba lihat media youtube tutorial desain karya 3d coba software blender desain 3d tarik tentu nya ribet
2023-10-28,3,1,modelling alam seru tambah skil kait 3d asprak komunikatif bab jalan lancar
2023-10-28,78,0,jujur ajar blender kali hidup bingung banget tugas hallsuisseo alam ajar suka ya asistensi alhamdulillah asisten super pol bab 1 jalan lancarsemangat 7 ab
2023-10-28,79,0,suka desain 3d desain 3d gambar imajinasi nyata suka bingung buat 3d
2023-10-28,79,1,suka materi 3d tarik ajar terkadang bingung aplikasi imajinasi dalam bentuk 3d
2023-10-29,60,1,alam tarik ajar milik basic usaha kuasa praktikum kakak asisten ramah
2023-10-29,80,0,paham blender dasar nya paham lumayan habis hal tugas paham dasar blender ya produk selesai asistensi praktikum selesai report card salah tanggal mana miskom mas assistant moga kurang skor akibat lambat deadline
2023-10-29,80,1,hal kritik saran kerja modeling butuh cepat kejar deadline ngerjakan dasar nya
2023-10-30,74,1,kemarin asistensi pruduk bab modelling alhamdulillah mudah mendemontrasinya dasar dasar aplikasi blender
2023-10-30,83,0,spil khawatir bingung laptop sesuai alhamdulilah beli modelling lumayan susah
2023-10-30,84,1,suka ajar materi suka jiakalau bawa mouse susah bawa mouse
2023-10-30,84,0,susah cari benda tingkat kreativitas rendah pilih mobil judul suka mobil inspirasi internet mobil
2023-10-30,85,1,ajar mgv seru banget seru nya bintang eheheheh kali ya menang garagara imgv menang cinta imgv lecturer ehe seru sih mencaricari asprak tuh kenal katingkating tambah teman seru buru bintang lecturer sulit ku bikin 3d sih toolstools nya kadang bikin bingung pakai mouse ribet huhu imgv mudah mood ku teman ngerjain bareng bareng seru kaya eheheh
2023-10-30,86,0,aju judul erti tipe media ajar 3d pilih cocok pilih produk
2023-10-30,86,1,bab modelling laksana asistensi asprak saran saran baik depan
2023-10-31,4,0,proses cari judul sulit adu cepat cari judul cadang judul terima
2023-10-31,87,0,buat modelling bingung blender kali apk buat 3 dimensi datang teman senang hati ajar guna apk sabar suka lupa
2023-10-31,88,0,alam software blender bingung beda software 2d lihat youtube tutor teman
2023-10-31,88,1,bingung untung validasi lecturer challenge challenge susah modelling lancar
2023-10-31,14,2,moga kwat deh terimakasi kakak kakak asprak sulit sabar tunggu demonstrasi
2023-10-31,89,1,oke oke oke oke oke oke oke oke oke oke oke oke oke oke oke oke oke oke oke oke oke oke oke oke oke oke oke oke oke oke
2023-10-31,89,0,alhamdulillah habis uang uang makan minggu beli kertas elite
2023-10-31,91,0,alam mempejalajari materi golong sulit sentuh software blender basic
2023-10-31,12,2,coloring pusing tujuh keliling ajar coloring texturing blender kir
2023-10-31,92,2,coloring mudah cuy gegara projek ku ikut mudah ya yaudah - moga lancar
2023-10-31,69,2,bab mudah ajar bab modelling erti macammacam shortcut blender ajar youtube coloring texturing seru
2023-10-31,2,3,pusing tujuh keliling coloring texturing lighting hadeuh tugas semangat
2023-10-31,88,3,lighting pusing tujuh keliling pertamakali pakai software blender moga lancar ajadeh bab bab aamiin
2023-11-01,7,2,alam kesan ajar modelling texturing kaya ajar hihi semangat
2023-11-01,37,2,seru tambah insight sayang versi lawas lumayan susah cari referensi tutiorial
2023-11-01,78,1,modeling jujur kali apk blender lose thingking pikir edit cari tutorial youtube diliatin pakai 025 speed biar paham alhamdulillah sesuai deadline asistensi asisten banget bantu
2023-11-01,93,0,modelling ambil ajar pertama basic aplikasi blender aplikasi blender kurang ajar ambil
2023-11-01,11,2,kritik saran demonstrasi produk alam kerja milik keluh kait lambat datang asprak demonstrasi produk seringkali tunggu ganggu efisiensi demonstrasi membuangbuang saran selenggara hadir asprak demonstrasi jalan lancar aplikasi imgv alami bug ganggu alam ikut demonstrasi produk saran lapor kembang aplikasi baik tingkat kualitas lelah keroyok tugastugas saran teman peka bantu tugas tugas berat
2023-11-01,41,3,seru seru revisi sabar butuh tutorial ajar mword margin biar reportku salah
2023-11-01,27,2,impostor bintang tugas imgv temanteman keliahan sifat aslinnya pulang malam revisi gapapalah moga kuatkuat ajaah
2023-11-01,24,2,ya allah moga laptop diri selesai tugas imgv lancar hasil sempurna telat 1 detik moga laptop ku rewel ya allah moga waras imgv selesai moga selesai bobok pikir ya allah
2023-11-01,25,2,moga laptop aman lancar 3d akhirdan moga menyeleaikan tugas imgv sempurna hasil muas amin
2023-11-01,95,0,sabar sabar sabar sabar sabar sabar sabar sabar sabar sabar sabar sabar sabar
2023-11-01,96,0,moga lancar kesabara tabah sabar sabar sabar sabar sabar sabar sabar si
2023-11-01,96,1,bismillah nomor nomor manut alur e gusti lan sabar sabar sabar sabar sabar sabar sabar sabar sabar sabar sabar sabar sabar
2023-11-01,10,2,suka coloring seru nyatu2 warna laptop serasa ledak validasi alhamdulillah kakak baikbaik banget bantuin banget apaapa menang hehehehe terimakasih ya kakak moga hari minggu
2023-11-01,26,2,alam bab texturing kepala pusing mumet karuan bingung pasuk texture 3 hari bisabisa salah mencet texturenya
2023-11-01,3,2,alhamdulliilah bab coloring sulit asistensi cepat asprak mudah hubung fast respon
2023-11-01,97,1,modelling bab 1 lelah hahaha uras tenaga uras pikir jam tidue ubah usaha keras offering ku asa anak egois cewek ego anak suka sikap ya hehe
2023-11-01,98,0,pilih produk bikin binggung judul produk judul uda pakai teman teman binggung pilih judul produk
2023-11-01,38,2,coloring mudah modeling proses susah menang menang 3 jam garagara laptop mati deadline h1 yaallah100x yaallah yaallah yaallah yaallah yaallah
2023-11-01,19,0,cerita alam aju produk mudah aju judul produk meunggu ac lanjut ttd prc sih mudah bikin susah tuh ya anak ambil judul salah sih
2023-11-01,19,2,coloring texturing unexpected banget tutor youtube mudah eh praktek susah otodidak 3d blender alhamdulillah gagal berkalikali hasil muas
2023-11-01,99,0,alam materi tegang pilih juduk timbang babbab depan kenal buka aplikasi blender pilih judul berat depan
2023-11-01,99,1,ajar materi bab 2 i kejut tegang kali blender tools erti ajar modeling pusing desain selesai
2023-11-01,99,2,materi kali pusing 3 malam temu solusi salah tools tekstur masuk
2023-11-01,35,2,alhamdulillah bab kali ringan texture cocok banget texturenya malahsemangat bismillah lancar ros
2023-11-01,8,2,alhamdulillah coloring lumayan mudah daripda modelling heheasprak bab 2 asyik bantu sekalisuks kak daffa
2023-11-01,5,3,alam ajar bab lighting lumayan bingung atur lighting cocok objek
2023-11-01,9,3,alam ajar materi tantang teliti tepat langkah proses keluh kesah asi enjoy your proces
2023-11-02,33,2,praktek materi proses coloring mending daripads proses modelling butuh proses asistensi kali lega revisi kumpul projek asprak ramah
2023-11-02,67,2,bab coloring texturing seru tarik ubah ubah warna sesuai cerita kalo tugas mgv begadang huhuhu dah rasa enak tidur siang hehehe tugas seru pol
2023-11-02,74,2,bab 2 bingung bab 1 tau tempat tekstur warna objek tutor mudah bab 2
2023-11-02,101,0,alam 3d mana buat pikir buat senang tambah terampil editing harap moga depan mudah alhamdulillah judul divalidasi coba
2023-11-02,101,1,alhamdulillah bab modeling asprak baaik banget kakak kayak ajar asih masuk moga allah mudah urus deh
2023-11-02,1,2,proses coloring mudah proses modelling lumayan biasa operasi blender pusing dikit its oke nama ajar
2023-11-02,102,2,mata kuliah media gravus visual bab 2 asik senang judul project pilih lumayan mudah
2023-11-02,102,2,mata kuliah inovasi media grafis visual bab 2 asik senang judul project lumayan mudah
2023-11-02,102,0,mata kuliah media grafis visual mudah ajar bantu mampu bidang editing
2023-11-02,102,1,asistensi bikin pusing capek lelah malas serah gajadi asprak asprak slowrespon terima kasih
2023-11-02,103,1,ajar materi produk yaallah yaallah yaallah alam asprak jalan
2023-11-02,103,0,ajar materi tambah ilmu desain grafis praktek susah mbuatnya yaallah yaallah yaallah astagfirullah
2023-11-02,85,2,capek istirahat pulkam ngulang masamasa jujurly kuat kuat kuatir ahaha becanda sungguhsungguh jurus ku pilih ehe coba teknologi didik 3 jalur garagara imgv nyerah oh bro hadap imgv sesegukan dikit eheheh asli imgv tuh seru banget tau seru mana seru isi kepala ngebul isi kepala doang laptop tahantahan semester 1 tahan stres sisa air mata nya projectproject sih u project ngoding
2023-11-02,23,2,imgv senang otak suka beranganangan hehehehehehehehehehehehehehehehehehehehehehehehe
2023-11-02,83,2,jam 2 malam siang tidur alhamdulillah selesai hambat ya sih tidur pagi terimakasih imgv
2023-11-02,4,2,tugas cari asprak ngeluh aktivitas favorit asprak banget bantu sulit nekoneko sulit asistensi best banget pokok kating kating
2023-11-02,73,2,materi bab 2 coloring texturing sulit suka bab coloring texturing kreasi tentu warna karya bingung proses coloring texturing tutorial implementasi warna textur karya
2023-11-02,48,2,materi bab2 coloringtexturing mudah cepat paham bab1 bab1 kenal blender
2023-11-02,46,2,ajar materi tau buat media ajar 3d kerja rumit butuh revisi
2023-11-02,76,2,bab 2 coloring takut susah alhamdulilah susah bab 1 modelling asistensi nya alhamdulilah lancar
2023-11-02,91,1,suka mata kuliah motivasi ajar 3 dimensi suka tekan kejar singkat mula saran untu asprak mudah asistensi bimbing revisi
2023-11-02,52,2,alhamdulillah trial ping piro akhire finish kuis moga mudah bab 8 amin sehat sehat yer
2023-11-02,98,2,bab 2 senang panik dikit gara gara warna blender eh pencet hehe
2023-11-02,68,2,harap bab bab gampang kayak hehehehe degdegan takut eh puji mbak asprak nya heheheh terimakasih mbak
2023-11-02,100,1,pertamakali pakai aplikasi blender lumayan atas objek objek bangun rumah sulit pilih type contruction model
2023-11-02,100,0,aplikasi blender objek 3d bangun rumah pemebalajaran smk arsitektur mata ajar desaian model informasi beli 3 kertas prc mahal ajar
2023-11-02,66,2,alam kerja tugas imgv 3d kenal aplikasi blender ya susah faham sulit semangat coba banget sih
2023-11-02,70,2,coloring mudah senang tarik senang mata kuliah inovasi media gravis visual
2023-11-02,104,1,sebelumya milik alam ajar aplikasi blender sulit aplikasi nya bingung ajar ajar aplikasi sistem blender 3d
2023-11-02,105,1,aplikasi blender tugas ajar 3d aplikasi blender ajar guna
2023-11-02,89,2,bab 2 coloring lumayan mudah texturing sulit paham sepenuh toolstools blender
2023-11-02,65,2,alam ku bab 2 susah coloring kadang saat masuk warna produk warna masuk produk texturing
2023-11-02,71,2,bab 2 ajar coloring toturial youtube teman operasi blender bab 2 kali paham terus produk asistensi demonstrasi bab coloring kali terkadang lupa tools operasi gradient
2023-11-02,106,1,ajar 3d butuh teliti sabar selesai tugas selesai nya
2023-11-02,30,2,ngerjain bab 2 susah banget coloring warna gradasi noise mantengin laptop pagi pagi
2023-11-02,20,2,bab coloring warna tekstur objek suka aplikasi material image texture sesuai uv editing
2023-11-02,62,2,materi milik isi lengkap mudah ajar asisten praktik masuk sopan hubung
2023-11-02,72,2,bab sulit paham software blender coba video tutorial teman coba otak atik ulang objek takut bingung cari asisten praktik revisi info temanteman asisten praktik buaik balik selesai bab 1 maksimal gapapa lecturer bilang harap moga kuat
2023-11-02,42,3,mgv seru asprak suka bantu tolong menolongseperti main ajar serunyaabisa kenal kating
2023-11-02,108,0,aju produk jukur bimbang virus sperma timbang pilih virus corona bentuk lucu banget hihihi
2023-11-02,108,1,bab modeling asli sulit gampang ditengahtengah lumayan uras tenaga pikir revisi report zuzur wow jadi lucu fokus ngerjain revisi asprak bilang salaah ganti oren orange situ ngehnya ganti warna teks hasil revisi langsung kirim asprak asprak geleng geleng akak lihat revisi
2023-11-02,108,2,bab 2 coloringtexturing gampang susah ajar report bab seblumnya typo tulis tulis asing dimiringin dk ngoreksi banget alhamdulillah revisi 1 kali heheheheeh
2023-11-03,60,2,materi suka rumput proses bentuk tanah atur suka asistensi milik alam senang asisten ramah
2023-11-03,56,1,suka materi materi ajar proses asistensi nya aman asprak ribet sat set suka deh materi suka jadwal mepet sakit kayak
2023-11-03,87,2,bingung awal untung nya ajar paham warna objek warna cocok contoh acu
2023-11-03,102,3,mata kuliah media grafis visual bab 3 senang judul project ambil rumit
2023-11-03,15,3,ez bos bab mudah wheheh sebelmya menang dikit ngaruh file ilanng bsimillah bintang
2023-11-03,111,0,jujur tugas kewalahan susah teman teman kali awam 3d maaf teman teman moga umur sehat
2023-11-03,56,2,alam proses asistensi asprak ramah koordinasi atur tulis prc
2023-11-03,79,4,alam seru ajar nama nama komponen baling baling helikopter erti baling baling milik komponen
2023-11-03,11,3,aplikasi alami bug seringkali gagal tampil nilai milik badge ganggu alam guna bug kembang perangkat lunak salah muncul rusak kesan positif guna aplikasi aplikasi tuju kerja didik salah tampil nilai serius ganggu produktivitas guna sebab frustrasi badge tampil sulit guna paham notifikasi tugas selesai akibat guna lewat informasi tugas selesai kembang keras identifikasi baik bug nilai tampil badge fungsi kualitas perangkat lunak kunci menjag
2023-11-03,113,1,modelling bikin menang aju judul tipe orang ajar software butuh tuntut cepat paham deadline stres gapapa suka ajar software editing tambah skil suka telmi lot susah hafalin shortcut chaos mbak asprak puool wes bantu proses revisi
2023-11-03,113,0,pilih judul sesuai mampu sih pilih ac judul pas bikin susah atas menang dikit proses bikin
2023-11-03,112,1,modeling tugas sagat paham sagat buta blender ajar blender erti
2023-11-03,75,2,tementemen coloring texturing sih mudah ya mudah mudah tahan produk pakai texturing aplikasi tekstur objek turut lumayan mudah susah cari tekstur cocok produk ku
2023-11-04,24,3,semangat bab 4 moga asprak enak nan hati moga laptop tahan bab 2 kayak laptop deh give up yuk semangat yuk laptop ku
2023-11-04,7,3,ngerjainnya santuy slow hehe proses start orang beda beda ya santuy we
2023-11-04,115,0,aju judul bingung aju judul aju judul terima alhasil pakai judul produk
2023-11-04,115,1,bab modeling jujur sulit alas utama ajar buka blender ajar mandiri teman selesai bab revisi
2023-11-04,59,2,tugas 3d mana tugas tantang sulit kerja mana noben nya lulus ips
2023-11-04,15,4,bismillah bisaawalau revisi bab sebelmya kait bab moga mudah bab lighting
2023-11-05,100,3,beri lighting lumayan mudah beri cahaya susah beri lighting lumayan suka sulit
2023-11-06,102,4,mata kuliah inovasi media grafis visual project 3d bab 4 lumayan mudah kerja
2023-11-06,61,2,materi rumit materi enjoy materi tekan guna warna tekstur senang kerja
2023-11-06,95,2,sabar sabar sabar sabar sabar sabar sabar sabar sabar sabar sabar sabar sabar sabar
2023-11-06,107,3,lighting seru gampang teliti asprak ramah bintang 5 terimakasih danish bantu
2023-11-06,19,3,asprak nya lighting lumayan mudah lumayan cepat selesai alhamdulillah lancar
2023-11-06,116,0,blender aplikasi asing mipa original ajar blender senang ngeri ngeri sedap senang ajar blender tarik blender ilmu wawas alam erti betapa hebat orangorang balik animasi 3d terap filmfilm keren sepwrti starwars dl gamegame kompleks suka paham jengkel kadang klik objek body eh klik blender sayang ctrlz maju manusia ubah pikir alam asistensi kali kesan asprak ajar mbak asprak sistem relasi tambah luas kenal orang senang ajar orangorang hebat
2023-11-06,116,1,modelling satelit butuh lumayan objek sabar susun atur kecil kadang salah klik klik sulit temanteman ajar mbak asprak senang senang temu orangorang hebat bantu proses terimakasih
2023-11-06,116,2,coloring mudah banding modelling tspi proyek bagus warna aneh coloring mudah proyek sedia skinnya google mbak asprak senang temanteman bantu ajar main kawan ilmu sungguh untung keliling orangorang tani proses
2023-11-06,115,3,bab rumit bab butuh light mnegaturnya sulit atur lighting objek
2023-11-06,13,2,suka bab coloring kerja cepat banding bab suka bab cari tekstur cocok design internet sulit cari alternatif tekstur
2023-11-06,13,3,bab kerja simple lighting cahaya ajar susah kerja tahap modelling
2023-11-06,99,3,bab susah bab bingung proses objek beribtextur gambar susah lighting objek coloring
2023-11-06,92,4,susah susah maju ambil tantang cowok seru sih ya asah mental btw terima kasih mas assistant
2023-11-06,11,4,apresiasi developer alam guna aplikasi mgv tingkat bug fix developer user temu bug alikasi mgv tombol navigasi terkadang pencet moga developer cepat tanggap user experience
2023-11-07,25,3,semangat jalan tugas inidan moga depan laptop aman 3d moga laku maksimal
2023-11-07,96,2,alhamdulillah lancar demostrasinya mbak asprak nya pol cantik pulapeh alhamdulillah pok e
2023-11-07,96,3,semangat semangat semangat yuk lighting bismillah pokok esemangat semangat semangat
2023-11-07,32,2,terimakasih mbamas asprak buaik cantik ganteng manis tugas imgv lancar
2023-11-07,1,3,daki gunung lewat lembah menggerjakan bab sampai hujung jalan validasi produk
2023-11-07,112,3,alam ajar susah bab coloring texturing bab lighting kurang medapat plus
2023-11-07,17,3,nikmat challenge revisi asprak temu asprak saransaran kritik bangun
2023-11-07,20,3,bab lighting ajar cahaya objek 4 lighting poin sun spotlight area
2023-11-07,42,4,mgv seru kritik saran adakarena temu kurang web inisejauh bagus mudah akses
2023-11-07,101,3,tahap blender benarbenar blender wadah asah tingkat skil dunia multimedia karya digital
2023-11-07,103,2,alhamdulillah bab 2 mudah moga kerja yaallah yaallah menang
2023-11-07,21,3,lighting nya sat set wat wet alhamdulilah hari langsung asprak ac moga bab amin
2023-11-07,84,3,senang ulik bab lighting 3 file konsep beda beda kendala 2 file keluar bayang colloring
2023-11-07,8,4,maaf kuis ngebugmenguntungkan sih kadang bikin bingung sok far sok good not bad kerja lighting good i wil my best for next chapter
2023-11-07,85,3,nikmat mata kuliah imgv nikmat ehehehe pengin banget ngejar bintang yaallah balap mulu woilah gapapa gapapa next time kali ya mingguminggu daya ya hng salah alas unuk lalai tugastugas coolyeah imgv mwehehe tuh kayak nya ku hadap suasana apa mak butuh someone talk eluselus pala eheheheh daya pukpuk 3d ya keluh kesah nyakebanyakan keluhin bingung ya pokok mah teh butuh orang tua ku samping aak pulkam coy
2023-11-07,58,1,jujur modeling susah ampun cari referensi asprak mesti report revisi papa
2023-11-07,41,4,kemarin validasi asprak mbak asprak alhamdulillah produk revisi tambah tambah
2023-11-07,60,3,materi ajar atur cahaya blender pelata arah cahaya tuju susah pilih arah cahaya
2023-11-07,118,2,bab suka warna ta rumit bayang pas bab asistensi mas asprak ya sih terimakasih kakak kakak love lu ful
2023-11-07,118,0,kali pengang blander pilih judul alveolus bentuk bulat bulat kayak deh judul laen heuhuhu
2023-11-07,118,1,modeling sumpa pengin nanges uangel stok suabar e kudu dituambah tuambah deh overal semaput aman mek ya yaallah yaallah
2023-11-07,118,3,maaf banget kayak nya aku teliti lighting bab pulang mudah blander ya moga depan dimudahin amin serius
2023-11-07,69,3,lighting bab mudah ajar paham jelas youtube berbedabeda dasardasar bba mudah sulit inisiatif lighting produk hasil
2023-11-07,73,3,bab 3 lighting alami sulit proses kerja suka bab 3 lighting modal tutorial youtube paham proses lighting validasi jalan lancar
2023-11-07,24,4,lewat paruh tugas imgv bab 4 moga drama menangismenangis moga mudah bab 8
2023-11-08,83,3,alhamdulillah rintang lumayan susah ajar nol paham terimakasih semangat
2023-11-08,55,3,lighting lumayan bikin pusing senang drama menang menang drama misu misu hehehe
2023-11-08,72,3,bab lighting sengaja jauhjauh deadline bilang paham bab video tutorial saran asprak point lighting produk
2023-11-08,62,3,materi materi bantu proses lighting suka segi papar mudah paham suka cepat video nya ulang
2023-11-08,76,3,bab 3 lighting alhamdulilah mudah bab 1 modelling bab 2 coloring alhamdulilah asprak
2023-11-08,89,3,materi bab 3 lighting mudah sulit materi bab lighting kerja 4 model lighting simpel light sun area
2023-11-08,24,0,awal cerita jalan imgv mari awal doa ikhtiar hasil bintang barokah
2023-11-08,96,4,bismillah semangat semangat semangat semangat semangat semangat semangat semangat semangat semangat
2023-11-08,31,2,bab coloring leptop merespon warna image harap situ servis leptop ganti ssd dl uras duit blender coloring pinjem leptop langsung project alhamdulillah bab 2 coloring jalan lancar asprak mbak hana semangat kejar bintang sungkan teman pinjam leptopnya moga depan kejar bintang leptop project jalan lancar
2023-11-08,61,3,bab sulit bab bab bab main fokus lighting produk asistensi senang bab langsung hadap lecturer bintang
2023-11-08,38,3,bab lighting bab mudah bagi nangisnangis ngerjain menang menang
2023-11-08,60,4,ajar design teks aplikasi blender sesuai bentuk bentuk lengkung materi susah susah gampang
2023-11-08,56,3,suka materi lighting kesan hidup produk suka materi lemah tangkap informasi ajar youtube alam asistensi nyaman hubung asprak asistensi baik quiz mana uji coba salah pilih sekian terimakasih
2023-11-08,70,3,bab enak buat mudah senang depan ajar hasil bagus tarik
2023-11-08,66,3,kerja imgv bab lighting laptop ganti balik kerja tugas imgv kenal blender fungsi moga kuat tamat aamiin
2023-11-08,119,3,bab 3 lighting kerja mudah tuorial sedia paham asistensi jalan demonstrasi kerja asisten praktikum lancar
2023-11-08,119,0,kerja produk 3d pilih aju judul produk pilih judul anatomi tulang rusuk syukur langsung ac terima
2023-11-08,87,3,alam aplikasi mgv ganggu input nilai terkadang kacau sesuai developer mohon meng fix bug terimakasih
2023-11-08,37,4,seruusaling senggol teman teman sehat kompetisi sehat cipta lingkung kompetisi sehat
2023-11-08,27,4,tunggu pasti asdos report banget sehatsehat ya asdos moga fast respons tau kakak sibuk semangat kak jalan hidup
2023-11-08,116,3,bab lighting senang lighting bermacammacam asprak banget temanteman bantu ajar alhamdulillah satelit bagus
2023-11-08,120,0,ajar materi sulit operasi aplikasi salah materi dewasa hilang motivasi semangat selesai tugas hilang orang dekat sakit harus opname bingung tanggal kontrak lewat percaya orang milik proses masingmasing senang ajar suka deadline nya mepetmepet sulit tools blender masuk masuk apa materi senang menang kerja
2023-11-08,82,5,buat animasi senang web nya rekap nilai lambat ac loh
2023-11-08,80,3,bab 3 mudah paham teliti posisi lighting bagianbagian objek
2023-11-08,77,4,alam paham materi labelling software blender tarik kali ajar materi barubaru video tutorial youtube
2023-11-08,54,2,bab 2 coloring sulit alhamdulillah asprak hati bantu arah warna pas
2023-11-08,54,3,bab lighting bingung atur tempat cahaya coba tata alhamdulillah ac asprak
2023-11-08,30,3,lighting lumayan gampang bab ya susah sih ya overal oke sih menang dikit
2023-11-09,4,3,asisten praktikum banget ragu ilmu kasih masuk baik produk terimakasih
2023-11-09,69,4,bab labelling mudah paham youtube paham bab labelling bantu teman bab
2023-11-09,61,4,bab laksana mudah bab bab ajar dasar blender tahap sulit
2023-11-09,61,5,bab ajar proses buat animating produk paham erti animating bab
2023-11-09,113,2,mudah modelling susah proses asistensi jalan grogi selesai slo respon mas overal syekali mas bikin jantung copot dirosting dikit ngaruh
2023-11-09,104,2,alam ajar materi susah kendala coloring lali ajar teman teman
2023-11-09,75,3,ajar imgv senang sita tidur ya pusing bab tuh cari asprak huhuhu
2023-11-09,68,3,masyallah cari asprak pas teka teki luar kepala capek untung ac huft moga bab bab lancar ya pls
2023-11-09,99,4,ya bab kali gaterlalu susah banding bab bab ya susahsusah gampang sih tutor bantu hehehe
2023-11-09,26,4,bab labelling kali kerja susahsusah gampang kali tutor youtube mudah praktek paham
2023-11-09,26,3,bab kali lighting susah susah gampang objek ditexturing gambar hasil beda objek dicoloring base color
2023-11-09,71,3,bab 3 ligthing kali kerja mudah cepat asistensi cepat demonstrasi report bab 3 kali operasi blender mudah paham bingung
2023-11-09,36,4,materi lumayan mudah lewat materi susah kakak asprak tolong bimbing nya
2023-11-09,98,3,bab 3 engga susah sih cari asprak susah asprak uda habis kuota
2023-11-09,113,3,jalan lancar mbak nya banget ramah dam mudah orang bab nya berat kayak modelling pokok berat modelling
2023-11-09,111,3,alhamdullillah ssedikit mudah lighting soalanya ajar kakak kakak hati terimakasih banayk kakak kakak heheh
2023-11-09,7,4,alam asistensi seru sih kenal kating hati sombong suka tabung hehe sehat moga tuhan mudah urus
2023-11-09,9,5,alam ajar materi tantang tarik ulik hasil animating bagus tarik
2023-11-09,5,5,alam bab animasi lumayan sulit paham animasi sulit temu konsep
2023-11-09,86,3,bab lighting proses lumayan cepat asistensi asprak tahu putar lighting
2023-11-10,59,3,lighting sulit sulit coloring texturing 3d kerja tenggat tentu
2023-11-10,113,4,bab mudah banding bab tutor yutup sedia mudah paham tahta tinggi modelling menang
2023-11-10,121,1,senang asprak nya masuk mudah ajar alami sulit bantu
2023-11-10,121,2,bingung paham uv unwrapping blender texture langsung error patah patah
2023-11-10,15,5,asli gampang bang ngejar bintang mas assistant aga susah banya challange aga susah
2023-11-11,116,4,bab 4 mudah sulit bingung objek tunjuk lebih lewat berat teks mudah demonstrasi senang temanteman bantu sulit bantu
2023-11-11,23,4,tahap labeling lumayan eazy pizy lemon squizy hehehehe banding modelling uangel alhamdulillah survive ya allah
2023-11-11,103,3,bab 3 kali mudah ya alhamdulillah proses asistensi jalan lancar alhamdulillah
2023-11-11,33,4,asprak mbak teliti asik banget kasi saransaran terima kasih deh moga depan asprak
2023-11-11,119,1,bab 1 modelling langkah kerja produk 3d bab 1 ajar paham tutorial tutorial youtube asistensi jalan lancar revisi
2023-11-11,119,2,bab 2 coloring texturing bab mudah bantu video tutorial asistensi jalan lancar demonstrasi kerja asprak
2023-11-11,31,3,kating bab 3 lighting mudah lumayan mudah sih asprak enak pinjem leptop ngerjain lighting lancar jam coba langsung demons asprak report ku kerja besok hari leptop temenku kirim asprak ac revisi moga bab bab lancar moga sehat setep sekian terima kasih
2023-11-12,120,1,materi modelling rumit makan paham namanama tools serta fungsi proses validasi jalan lancar
2023-11-12,42,5,bab animaating modelling tantang babrendering sih gantung spek laptop hehehe
2023-11-12,21,4,alhamdulilah lancar bahagia sentosa moga render ngebut ngerjain bab amin
2023-11-12,117,4,moga bab entar bab 6 habis asprak super duper mega juta duper amin 40x
2023-11-12,101,4,tahap alhamdulillah kejar paham ajar kreasi kreatif tata edit bentuk ukur warna tulis
2023-11-12,28,4,materi mudah paham media ajar bantu media mudah paham
2023-11-13,55,4,aman ya teman teman tau randeringsemangat teman teman kejar imgvtulation
2023-11-13,79,6,bab rendering latih sabar proses rendering sisi senang alam ajar senang
2023-11-13,88,5,animasi pusing banget susah banget step 3d susah sih ya ahirnya effort sih
2023-11-13,38,4,tahap jalan mudah proses kerja cari asprak proses validasi moga mudah
2023-11-13,35,4,alhamdulillah kesini bab mudah bingung letak mana posisi taruh teks
2023-11-13,80,4,bab labelling materi tutorial dapat mudah paham terap produk selesai
2023-11-14,48,4,bab 4 labelling materi mudah paham mudah praktik materi bab
2023-11-14,14,4,alhamdulillah mata kuliah mgv sok far tumbang tipes demam terimakasih asprak sulit
2023-11-14,76,4,bab 4 labelling alhamdulilah lumayan mudah sulit bab 1 modelling asprak nya sih
2023-11-14,73,4,materi bab 4 labelilling susah mudah aplikasi dalam produk suka materi bab labelling
2023-11-14,11,5,ajar materi animasi jujur lumayan nikmat kendala device blue screen
2023-11-14,122,1,bab 1 modeling alhamdulillah selesai kendala first time pakai blender syukur asprak banget ramah cantik
2023-11-14,30,4,labelling gampang ribet overal chil sih ngerjain labelling chil reportnya xixixixixixi
2023-11-14,17,4,seru sih bab katingnya ajar adikadiknya asprak temu saran kritik bangun
2023-11-14,122,0,nya drama tolak judul alhamdulillah terima produk gampang first time pakai blender bisa
2023-11-14,122,2,bab 2 texturing alhamdulillah lancar kendala cuman lambat banget 11 ngerjain tugas syukur lambat asprak cantik
2023-11-14,70,4,bab mudah semangat kerja depan semangat ajar asprak
2023-11-14,66,4,ajar materi labeling faham 3d fitur fitur blender kokoh iman istighfar
2023-11-14,65,4,dapat labeling atur sesuai objek 3 dimensi tools bab labeling
2023-11-14,72,4,bab serah laptop masalah kelimpungan pikir selesai tugas untung bantu teman tani bab didemontrasikan moga besok asprak
2023-11-15,71,4,bab 4 kali bab erti operasi blender bab masj mudah kerja cepat
2023-11-15,45,4,materi labeling kerja kendala cari asisten kendala instagram cari asprak
2023-11-15,25,5,semangat hadap imgv samappi imgvdan moga baik ppelajaran amin
2023-11-15,96,5,ok ok ok ok ok ok ok ok ok ok ok ok ok ok ok ok ok ok ok ok ok ok ok ok ok ok ok ok ok ok ok ok ok ok
2023-11-15,51,3,alam ajar materi cahaya blender manfaat materi saji lengkap dalam paham konsep cahaya blender
2023-11-15,123,0,keren suka mgv keren mgv sungguh mrnyenangkan suka latih mbuat desain produk apstinya kembang skil imgv suka
2023-11-15,122,3,lighting lumayan mudah mudah cari asprak 8 syukur asprak mbak adellia cantik imut banget
2023-11-15,123,2,suka apda coloring bingung yutorial diyoutube nya beda bikin bingung malas tantang seru produk 3d
2023-11-15,123,1,bab modelling sungguh uras jam tidur deadline nya singkat bikin ketar tir untung teman siaga bantu
2023-11-15,10,5,seru ajar blender ajar temanteman kakak tingkat bantu mgv asprak banget gaenak maybe cuman revisi sih salah hehehe sok far sok good banget 1010 keren ajar 3d moga laptop kuat hehehe
2023-11-15,9,6,alam bab seru pikir produk layak produk cukup syarat syarat anjur dosen uras bab
2023-11-15,29,2,pegalaman bab coloring kesan mana usaha sesuai warna produk mana coba pasu warna cocok produk
2023-11-15,29,3,alam dalam bab sulit atur power cahaya produk coba laku cahaya pas tampil detail produk
2023-11-15,29,4,alam bab bongkar produk dalam produk sulit bab bongkar nama bab animasi
2023-11-16,124,0,aju judul alami susah tolak 3 kali dedlinenya tanggal 27 tanggal 30 judul ac sekian
2023-11-16,38,5,tahap animasi tantang biasa animasi software ajar aplikasi blender
2023-11-20,109,5,bab animating lumayan susah bab coloring lighting bab animating modelling susah tingkat sulit
2023-11-16,124,1,bab 1 milik sulit modeling sulit bantu kating suruh tutor youtube youtube butuh bantu langsung cari bantuang kating alhamdulilah selesai tenggat
2023-11-16,125,0,aju produk isi link gform isi judul produk tanggal kontrak demonstrasi report nya beli prc sesuai warna tentu offering nya alhamdulillah nya lancar ac
2023-11-16,125,1,asistensi modelling hubung kak thasya asprak bab 1 kendali nya laptop kerja bab 1 poin plus lebih tanggal kontrak jujur sedih alhamdulillah allah jalan ide sewa laptop dekat usul orang tua tuju moga semester 2 laptop repot teman latih objek 3d kerja laptop teman alhamdulillah revisi nya materi lms tutor youtube sekian terimakasih
2023-11-16,125,2,asistensi bab 2 modelling pilih hubung kak syifa asprak bab 2 asistensi nya online gmeet revisi report nya baik terimakasih kak syifa arah erti bab 2 nilai plus laptop sewa surabaya depan usaha meminimalisir lambat hindar poin plus
2023-11-16,125,3,asistensi bab 3 lighting hubung kak risti asprak nya siang kwu turun hujan alhamdulillah nya jalan lancar demonstrasi report nya terimakasih kak risti
2023-11-16,68,4,bismillah pokok moga lancar bab bab biar cepat selesai biar cepat healing
2023-11-16,68,5,bismillah bab moga mudah moga mudah teman teman desember moga pulang halang
2023-11-16,2,5,alam ajar materi ragu percaya selesai bab usaha keras selesai bab harap bab giat asistensi asprak bab
2023-11-16,98,4,bab 4 lumayan susah gampang untung asprak habis untung report ku cepat selesai hehe
2023-11-16,84,5,bab animasi ide animasi produk kendala laptop animasi laptop
2023-11-16,90,4,pujituhan lancar kerja santai asistensi lancar moga depa lancar
2023-11-16,123,3,bab mudah mudah mudah banget rasa bab mudah paham mudah sekian terimakasih
2023-11-16,22,5,ajar animasi 3d ajar kesaaran ajar sungguh ubah usaha sesuai mampu penting
2023-11-16,111,4,alhamdullilah maju sulit bantu teman teman nya cepat bantu teman sulit
2023-11-16,64,2,alam tugas milik kesan sendiri mana tugas sulit minim tutorial referensi aplikasi tantang selesai produk bab
2023-11-16,46,5,tama ucap terimakasih kakak2 kating bantu luang asprak 5 bab sayang
2023-11-16,16,5,animasi objek kendala keluh apa atur posisi kamera duh sabar
2023-11-17,116,5,suka ajar materi animating tarik objek jalan atur kamera sorot objek kali demonstrasi yeri alam harga
2023-11-17,19,5,animating mudah sulit gantung konsep animating bilang lumayan mudah paham
2023-11-17,103,4,bab 4 bab bilang mudah animasi harap moga moga kuat laptop sehat sehat ya laptop allah manusia manusia mgv
2023-11-17,86,4,proses asistensi bab labelling sulit step step rumit asprak bantu masuk
2023-11-17,41,6,animating susah sih bingung pas validasi ajar bimbing banget lecturer alhamdulillah
2023-11-18,3,5,bab animating sulit teliti tingkat sesuai keyframe mas assistant bantu
2023-11-18,113,5,materi rumit bab pusing modelling kali buka blender hafal shortcut nya teliti atur scene nya aman ya allah ya allah pas ngerjain moga revisi amin
2023-11-18,102,5,alam selesai proyek bab 5 senang asik judul produk lumayan mudah support mampu
2023-11-19,4,4,suka banget asisten praktek easy going nekoneko pelit ilmu kesini kaya suka sistem
2023-11-19,119,4,bab 4 labelling mudah sedia video tutorial lms asistensi jalan lancar demonstrasi produk
2023-11-19,11,6,baca ajar materi render eve workbench cycle blender milik kendala device pada render animasi
2023-11-20,23,5,bab 5 pusing ya wak animasi objek adobe animate blender tampil beda bingung banget workspacenya beda animasiin pas tau letak animate hehehehehehe sekian terimagaji
2023-11-20,4,5,alam kali seru sih mual ngerjain animating depan laptop hari cenut cenut alhamdulillah revisi dikit
2023-11-20,27,5,animasi seru sampaisampai otak blender semangat pokok gua mah jir
2023-11-20,35,5,m bab 5 bingung ya tau insyaallah mudah rumit atur animasi
2023-11-20,5,7,sulit bab dubbing sesuai suara putar video hasil render hasil render ukur file nya seklai 12 gb
2023-11-20,100,5,alam animation objek kurang kelemhan objek play animation objek play aplikasi blender not responding
2023-11-20,89,5,materi bab 5 susah butuh sabar minim tahu tools tools blender sulit
2023-11-20,42,6,animating rada rada susah butuh sabar mengerjakanya untung sabar hati senyum
2023-11-20,62,5,alam ajar materi paham alami bingung teman bantu proses kerja bab animating terimakasih
2023-11-20,31,4,selesai bab 4 labelling kemarin lancar ajar masuk teks panah tunjuk report kerja lancar walapun tunggu senggang leptop teman asprak banget ramah nge revisi revisi report moga bab asprak enak terimakasih mgv ajar syukur tengah ketidakbisaan moga bab 5 selesai lancar bab cepat target desember mgvtulation desember giat padat bem libur uas sekian terimakasih
2023-11-21,7,5,ajar animating wow duar duar duar gapapa deh imgv yekan semangat manusya manusya quat
2023-11-21,21,5,lumayan seru tambah ilmu cuman bingung tau shortcutshortcut nya hehehe seru banget animasi
2023-11-21,83,5,bab ful keburuburu insyaallah selesai lumayan kerja keras bab terimakasih
2023-11-21,75,4,labelling lumayan mudah ya kalo sulit cari asprak huhuhu ful lebih ajar labelling senang
2023-11-21,33,5,asprak kali banget jago maygat kalo kaya wajib solusi mbak asprak serba
2023-11-21,101,5,kira animasi tahap susah dengar desas desus teman animating mudah coba susah coba alam harga
2023-11-21,78,5,nge plus bab animation pesimis sesuai jadwal tambah projek peran tep asistensi moga ac
2023-11-21,73,5,bab 5 animating butuh juang alami sulit bingung proses animating produk
2023-11-21,71,5,bab 5 animating kali susah lanjut produk faham operasi blender tahap animating rumit selesai teliti
2023-11-21,69,5,bab animating sabar tempat kamera kunci sabar teliti semangat temanteman dikit
2023-11-21,7,6,hm imgv senang kadang drama nya asistensi ngebut jalan hujan alam lupa
2023-11-21,92,5,animating benar stres bingung ajar mana paham pakai keyframe dl terima kasih kasih tutorial
2023-11-21,92,6,rendering benar bingung laptop spefikasi kentang pakai laptop teman terima kasih tantang mas assistant tau
2023-11-21,108,6,bab laptop mbledos coba usaha duplikat file blender taruh flasdis biar kalo laptop emoet backupan heheheh
2023-11-22,99,6,bab kali sulit babbab proses rendering jalan butuh laptop panas
2023-11-22,51,7,alam dubbing lumayan mudah beda aplikasiakhirnya tahap tinggal srlangkah lagisaya bahagia lega lewat produk harinyatrimakasih dosrn kawan kawan pamit bab dubbing sih lu babay
2023-11-22,70,5,imgv is the best imgv is the best imgv is the best imgv is the best imgv is the best imgv is the best
2023-11-22,118,4,910 sih bab ku tanggal 14 asistensi tanggal 10 maghrib2 hujan eh salah hujan mkstnya niat ngejar bintang animating eh magernya kondisi minimal sesuai eh 2 parah dear moodku ayo baik please
2023-11-22,60,5,asprak susah atur fps saatdi play patahpatah takut rendering ubah
2023-11-22,68,6,bismillah moga bab 6 asprak bimbing ku sabar produk ku selesai cepat heheh
2023-11-22,72,5,bab sulit objek putar pas coba hasil putar ttapi henti coba berkalikali bab bab modelling lupa 1 step hasil bergerakmaksimal
2023-11-23,48,6,bab 6 rendering kali materi praktik mudah bab sebelumsebelumnya
2023-11-22,50,7,war is overrakhirnya titik mana selesai mumettpuji tuhan selesai tentukanini jalan babmasih tugas tugas hars selesaikantrimakasih ucap dosem cinta bpk yeryteman teman juang ajar tugas inipacar bantu sayamenghibur sudha menyerahmenyemangati sayajuga encu unpad um halang kuta mensupportdan orang tua sayayang keras beli laptop matkul initrimakasih doa doa tiada habisnyasaya syukur krpada tuhan yesus mampu selesai tuga inisekitan terimakasih babay sih u
2023-11-22,39,5,meraasa tantang dengaan animasi sanggaat agaak mudah berterimakasih asprak
2023-11-22,86,5,pad bab 5 sulit ajar sumber asistensi asprak saran saran baik
2023-11-22,14,5,over al kuat kak tasya banget terima kasih ya bab coba ambil bintang always kedluluan hadeh
2023-11-22,67,6,ya kritik menang semenjak animating hidup tenang hehehehe hua papa seru pol
2023-11-23,23,6,tahap rendering lumayan butuh effort ngerender jam 3 jam 9 weh renderan gagal ngerender alhamdulliah tinggal dubbing moga cepat porto xixixixixixixixiixixixixixixixixixi
2023-11-23,54,5,bab animating lumayan bantu tutor teman teman lali kembang model animasi saran asprak animasi asprak pol
2023-11-23,24,6,alhamdulilah selesai tinggal 2 bab sungguh terima kasih keras titik sabar jadi buku heheheheheh
2023-11-23,42,7,rendering butuh komputer nya milik spek rendah beli laptop mahal
2023-11-23,80,5,bab animating tutor animasi susah butuh sabar penuh atur kamera dsb
2023-11-23,121,5,bab pusing plts working model bingung working utnung asprak masuk
2023-11-23,114,3,ajar lighting tantang senang susah atur tempat lightingnya hasil lewat bab lighting
2023-11-23,114,5,excited bab bayang hasil produk tambah semangat cepat selesai produk 3d
2023-11-23,66,5,materi megajarkan sabar teliti usaha pantang serah moga kuat bab 8 aamiin
2023-11-23,6,6,stres animating teliti sabar penuh juang ulang salah sesuai
2023-11-23,9,8,ajar materi bab 1 bab 7 seru sharing teman salut teman teman ajak ajar alam individu senang alhamdullilah ajar tentu tulis lapor praktek uji dosen asprak
2023-11-23,63,1,bab modelling proses buat produk bab susah produk bentuk langkah rumit kali aplikasi blender
2023-11-23,63,2,bagi colloring lumayan tricky pintar pilih warna tekstur efek produk produk asli real
2023-11-23,63,3,bab lighting mudah pilih 1 4 opsi light tinggal geser atur terang cahaya sesuai situ ubah warna cahaya bab tuju produk bagus indah
2023-11-24,19,6,kalo sih keluh tunggu proses rendering laptop kuat pinjam kadang sungkan
2023-11-24,30,5,animasi kalaubga paham susah banget sih habis ajar teman engah kalo animasi gampang ribet mindahin kamera2 nya overal 810
2023-11-24,126,6,proses rendering memliki sabar luas proses rendering abar tunggu
2023-11-24,29,5,dasar alam tugas imgv bab animasi bab susah bab bab bab kreativitas indah produk kesan dalam bab kesal susah nikmat proses dalam bab
2023-11-24,126,1,bbmodelling software blender pakai software blender bantu teman bantu proses modelling
2023-11-24,126,2,proses coloring mudah template cari template susah asprak fast respon cepat proses asistensi
2023-11-24,126,5,proses animating susah serah coba tutor teman selesai proses animating proses susah animating
2023-11-24,11,7,nikmat proses audioing dubbing tahap ajar ntuk materi anak milik background multimedia nikmat proses editing audio milik kendala lms masalah beranda berat etika laksana validasi produk tambah susah sesuai validasi jam senggang dosen asprak terkadang meng cancel sibuk validasi asprak dosen sekian alam bagi terimakasih
2023-11-24,116,6,rendering proses mudah tahap blender end timeline 1300 tunggu 30 menit cepat demonstrasi asprak temanteman bantu proses proses
2023-11-24,33,6,asprak seru banget rasa kalo ngobrolnya habis asistensi animating kah
2023-11-24,10,6,seru asprak susah animasi keren sih bikin benda gerak thank u kakak2 uda bantu terima kasih temanteman support semangat pokok one step closer nie
2023-11-24,118,5,2 gapapa laah yaudah nya mageran suruh anak moodyan terimakasih senior bantu bimbing lope lu pul
2023-11-24,20,6,bab rendering ajar merender produk bentuk render animation render image
2023-11-24,120,4,bab 4 proses lumayan rumit rumit proses modelling kakak asprak benar salah kerja
2023-11-24,23,7,tahap dubbing mudah banding modelling hehehehehehe semangat abisini porto mgvtulaition
2023-11-24,24,7,alhamdulilah yuk tinggal 1 bab buku tunggu kakak cowok tolong dirosting ya kak cowok percaya sepenuh hati air mata gadang malam revisi tiada henti
2023-11-24,14,6,sat set wat wet top markotop jos gandos rendering hasil video oke prc suruh keluar langsung ttd
2023-11-24,35,6,m segi quiz bab sih pusying salah2 hehehe hmmapa ya moga tahap bab moga laptop kuat seorang2nyasemangat tinggal dikit
2023-11-25,60,6,materi butuh sabar ekstra prediksi leta keyframe hasil rendering susah ngira laptop kuat rendering 100 frame mengrender 1 jam hasil video durasi 1 menit animating not responding kerja mudah tunggu
2023-11-25,31,6,bab 6 rendering sangka senang suddah mgvtulation kemarin vote desain template bang ngerayakan mgvtulation yuhu seru pokok raya sih beli mixue kalo demons render cape kesana kemari pinjem leptop animating render alhamdulillah lancar hambat pas nge render terimakasih teman teman minjemin leptopnya nemenin ajar moga amal terima tuhan amin
2023-11-25,75,5,ajar animasi bikin pusing banget ya allah ngerjainnya sambi menang bikin lupa makan ya tumbang huhuhu untung asprak banget ajar selesai
2023-11-25,82,6,kalo render pakai laptop letup hehehehehehehe ya biar fast hehehehehehehehehehehehehehehehheheheheheheheheheheeheheheheheheheheheheheheheheheheheh
2023-11-25,22,7,ajar desain 3d blender ajar sabar telaten penuh capai hasil
2023-11-25,27,6,rendiring ez asistensi seru ayoklah pengin cepetcepet buku kuning semangat ya
2023-11-25,21,6,render sebal ditungguin maleman hilang alhamdulilah render jam 9 jam 6 hehehe
2023-11-25,117,6,waaw soaalnya suusaa4h banget aw aw aw gila moga asprak um slese menang
2023-11-25,2,6,alami sulit ajar materi bab animating materi cakup konsep rumit butuh paham dalam frustasi sulit paham telat validasi produk halhal suka ajar materi tantang materi tantang tantang ajar halhal suka ajar bab banyak fiturfitur paham sulit ajar singkat alami proses asistensivalidasi senang asisten praktikum mau picu asa kesal asisten praktikum tuntut mahasiswa tugastugas praktikum sempurna paham sulit
2023-11-27,103,5,masyaallah allahukabar plus ikit gangaruh deh selesai bab rumit bikin pusing ya - lewat asistensi alhamdulillah lancar
2023-11-25,31,5,bab 5 animating bab lumayan susah kalo pikir seru kalo dijalanin main keyframe ubah2 arah camera rotasiin objek konsep animatingnya lo bikin lumayan uras tiba pas demons asprak revisi ngubah keyframenya seru hasil bagus dikit konsep ku terimakasih asprak hati aneh aneh alhamdulillah report langsung ac huyu moga bab jalan lancar hambat niat kejar bintang moga wujud deh amin target november selesai desember giat tinggal bismillah cepat mgvtulation kayak rank tuh
2023-11-25,35,7,alhamdulillah proses rendering terdugahihihi makan 10 menit hasil duga 22 detik 1375 frame
2023-11-25,100,6,rendering salah bab laptop not responding susah kalo laptop not responding demons
2023-11-26,108,7,bengong kasih backsound mas kasih backsound dj virus uncang dunia ya alhamdulillah loh masuk bab 7 xixixixi
2023-11-26,72,6,bab rendering jujur laptop kuat rendering konsultasi tau paksa rendering takut laptop leduk rendering lab yer pc pada
2023-11-26,13,7,bab mudah teliti sesuai audio animasi butuh proses kerja sebentar
2023-11-26,62,6,paham materi papar proses asistensi asprak banget arah produk tarik
2023-11-27,112,6,rendering butuh sabar luas karena ruh spesifikasi laptop
2023-11-27,56,5,bab sulit kali animating sulit gerak pilih working model ajar nya 2 ful tonton youtube tutor animating lambat demonstrasi tugas
2023-11-27,68,7,bismillah dubbing moga mudah moga bab mudah benar selesai imgv post imgvtulation heheheh
2023-11-27,101,6,rendering tahap milik tahap ter sederhana proses buat produk harap hasil render hasil bedge bintang
2023-11-27,97,0,pilih judul lapis kulit ikan sisik tampil mudah contoh moga asik ajar blender
2023-11-27,119,5,bab 5 animating sulit banding bab butuh teliti telaten kerja demonstrasi asprak
2023-11-27,39,7,sangaat senaang kareena haabiis baab seleesaai taapi takuut dengaan revisi
2023-11-27,97,4,labeling panik sulit eh engga sulit bayanginharus butuh teliti sabar sih
2023-11-27,76,6,alhamdulilah bab 6 rendering lumayan mudah tinggal simpan file laptop lot alhamdulilah asprak nya sulit
2023-11-27,97,5,tahap animating binunggtapi ngerjain barengbarengsamatementemen alhamdulillah nya selesai menang dikitmana revisi 3x hiks
2023-11-27,8,5,ya lms bantu link video youtube mengrahkan sesuai bab ditujuuntuk asprak baiksemua oengerjaan sesuai cakap mahasiswa
2023-11-27,69,6,bab rendering mudah paham youtube temu rendering cepat rendering butuh
2023-11-27,71,6,bab animasi bab 6 rendering kali frustasi mudah operasi tutorin teman youtube tutor mudah paham 2 bab
2023-11-28,65,5,animating susah animasi produk berkat temanteman rasa mudah bantu
2023-11-28,123,5,keren bagus suka animating sat set ngerjain nya bikin jago animasi pokok nya animating suka
2023-11-28,123,4,keren labbeling mudah tinggal nambahin text nambahin tabung cone jenis nya selesai
2023-11-28,73,6,bab 6 rendering mudah terap dalam produk 1 kali tutorial paham tata merendering
2023-11-28,1,7,hujung acara ucap selamat kuat tugas semangat tau revisi awokawok
2023-11-28,66,6,alam proses kerja imgv bab animating sungguh uras sabar paham imgv
2023-11-28,17,6,seru sih asprak sesuai harap kritik saran dukung bab asprak koreksi
2023-11-28,94,6,rendering mudah alan kendala laptop kuat merendering alhasil pinjam laptop teman
2023-11-28,103,6,alhamdulillah mudah moga mudah yaallah mbak bunga asistensi terima kasih ya mbak
2023-11-28,16,7,kritik saran lebih mohon maaf wassalamualaikum warahmatullahi wabarokatuh
2023-11-28,7,7,bab akrab nama revisi hehe mangats deh manusya manusya kuat tunggu ya mgvtulationnya
2023-11-28,26,7,bab 7 kali mudah ajar materi aplikasi dubbing gabung animasi
2023-11-28,30,6,rendering gampang kesel kadang objek asli akhirnua render ulang overal 8510
2023-12-01,43,7,pusing dikit ngaruh bab dubbing 10010 gampang jam buat mwehehehehehehehe
2023-11-28,22,8,tuju buat 3d target audiennya cocok ajar terburuburu hasil produk cocok ajar aarrggh henti derita
2023-11-29,119,6,bab 6 rendering kerja lumayan singkat alhamdulillah patah patah proses rendering
2023-11-29,11,8,sulit meng convert pdf word format layout ubah kacau tata ulang
2023-11-29,15,7,kalo kemarin ngerjainnya menang nyerahhbut part kali eazy pizzy lemon squizy jam kelar wheheh
2023-11-29,59,7,sungguh alam mgv bab bangga bab bab telat jurus ips tau software desain
2023-11-29,63,4,bab labelling susah gampang step rumit susah tempat panah tulis lurus sejajar butuh teliti sabar hasil perfect usaha baik
2023-11-29,63,5,bab animating sulit susah paham hafal step salah langsung bingung perhati bingung bab
2023-11-29,116,7,bab dubbing kesan efek suara cantum pengaruh tampil keren pakai backsound avangers demonstrasi senang
2023-11-29,111,6,alhamdullillah cepet ngerjakan rendering gampamg animating nya huhu ya allah kuat hamba hamba pengin pintar
2023-11-29,72,7,lewat sadar tugas duga moga senin besok asistensi mas cowok amin
2023-11-29,102,7,mgv asik mgv asik mgv asik mgv asik mgv asik mgv asik mgv asik mgv asik mgv asik mgv asik mgv asik mgv asik
2023-11-29,80,6,bab rendering mudah paham langkah langkah sabar tunggu proses renderingnya
2023-11-29,98,6,bab 6 sabar rendering pol buset rendering butuh sabar buanget
2023-11-29,86,6,asistensi bab rendering sulit asistensi jalan lancar asprak bantu saran masuk
2023-11-29,76,7,alhamdulilah bab 7 stres bab 7 lumayan tinggal bikin audio ngedit moga semangat
2023-11-29,97,6,rendering luaama buanngeet sumapah 5jam tunggu eh lhakok hasil texture hilang yaudah deh render hiks
2023-11-29,19,7,alhamdulillah susahsusah banget paling susah audio grusak grusuk coba ngedit pakai ai yaudah deh
2023-11-30,30,7,dubbing seru kayak ajar anak ya anak sd sih mantab overal 810 hehehe
2023-11-30,8,6,kerja animating langkah ulang konsisten dilakukananimating laptop berat alami bug not responding terus anvalidasi mudah revisi salah top
2023-11-30,83,7,bismillah cepat selesai giat laku heheh terimakasih moga lancar
2023-11-30,123,6,keren rendering kuat laptop tahan hidup tinggal nyawa sedikittapi tendering hikmah keapada laptop kuat jalan render
2023-11-30,18,7,proses asistensi lumayan singkat bab alhamdulilah bab moga bab mudah amin
2023-11-30,7,8,hujung bab moga minim revisi hua semangat juang buku kuning semangat mgvtulation
2023-11-30,78,6,bab rendering sulit deg degan tunggu rendering pikir laptop kuat ya
2023-11-30,73,7,bab 7 dubbing sulit implementasi dalam produk butuh teliti sabar kuasa materi labelling
2023-11-30,80,7,bab 7 dubbing mudah ekstrak audio ekstrak dalam animasi apk edit capcut
2023-11-30,125,6,alhamdulillah ajar materi bab rendering moga asistensi bab 6 render jalan lancar amin
2023-11-30,125,5,alhamdulillah selesai demonstrasi kerja report moga revisi revisi revisi nya sesuai tentu konsistensi bab
2023-11-30,29,6,alam bab rendering kesal laptop kuat kali crash keti nengconvert produk harus merendernya pc
2023-11-30,125,4,alhamdulillah proses asistensi jalan lancar moga projek kerja nilai plus lebih deadline kuis laman lms mnrt lumayan berat cakup materi nya moga depan ringan sekian terimakasih
2023-11-30,62,7,proses kerja mudah aplikasi handphone wakttu asisten jalan lancar asprak nya ramah
2023-11-30,74,8,alhamdulillah bab 8 jalan penuh dengah keluh kesah bab 1 bab dukung teman anak tep ngerjain bareng alhamdulillah bab
2023-11-30,16,8,alhamdulillah bab 8 lewat deadline satu moga bab 8 lancar khusnul khotimah amin
2023-11-30,20,7,bab dubbing aplikasi capcut terinstal hp mudah dubbing biasa capcut
2023-11-30,10,7,keren one step closer rasa selesai seru banget pokok matkul salah masuk tep dah las hehehe moga survive amin terimakasih kakak kakak trmanteman
2023-11-30,120,5,bab lumayan sulit banding babbab proses kerja senang alhamdulillah kakak asprak sabar
2023-11-30,49,6,bab rendering tau proses rendering produk 3 dimensi salah aktivitas senang
2023-11-30,33,7,wow ekspek asprak mas mas mudah ya mas suryo bintang puluh satset anti ribet koreksi terima kasih semangat ngerjakno tugas
2023-11-30,108,8,bab moga lancar amin selang mgvtulation ya allah moga lancarkaan
2023-12-01,82,8,alhamdulillah hujung moga lancar lancar uhuy bismillah revisi
2023-12-01,3,7,dubbinv senang suka edit video asprak enak ajak asistensi mana
2023-12-01,8,7,guna lms efektif darioada prclms mudah oengerjaanjuga lacak progres nilai kitabanyak baik xontohnya bug quiz ya approved
2023-12-01,2,7,alhamdulillah sangka bab 7 percaya pakai aplikasi blender moga desember mgvtulations amin
2023-12-01,85,8,hujung bab 3d terimakasih teman ku asprak kaka tingkat bantu selesai project lega senang kerja susah payah begadang menang malam eheheh doa besar ipk smstr 1 38 aamiin yaallah moga kuat selesai project spd blkg nama dngn lulus cumlaude amin allahumma amin moga plg ihihihi
2023-12-02,96,7,moga plus peh ayo semangat 2 langkah semangat oke oke oke oke oke oke oke oke oke oke oke oke oke oke
2023-12-02,49,7,bab dubbing milik tari sendiri isi suara butuh ketenenangan suara hasil jernih
2023-12-02,117,7,moga bab lap mudah indah huhuhuhuhu takut banget loh yaallah minggu tanggal sepulu des
2023-12-02,117,2,wow moga bab lap indak mepet selesai moga lapor sesuai idam cowok amin puluh orang
2023-12-02,19,8,bismillah moga lancar kendala apa moga revisi cepat ac mgvtulation amin
2023-12-02,126,7,alam bab dubbing susah susah gampang atur tepat dubbing gera animasi
2023-12-02,39,8,sangaat leega dengaan sampaai baab 8 lampaau i dengaan baaik daan sempurrna
2023-12-02,93,8,bab produk lumayan mudah tinggal merender image harap selesai produk
2023-12-02,54,6,bab rendering butuh sabar ekstra makan untung tunggu scrol reels instagram tiktok btw alhamdulillah asprak
2023-12-03,4,7,ramah banget asprak moga lancar deh doa mgvtulation cepat ya rekan
2023-12-03,64,5,proses kerja makan bingung sebab asing software usaha selesai tugas bab
2023-12-03,98,7,bab 7 alhamdulillah ngerjain bab 7 lancar hehe plus e asprak seng super duper
2023-12-03,119,8,bab bab 8 product hasil kerja moga mudah lancar asistensi verifikasi validasi selesai amin
2023-12-03,61,8,seri war list grup kalo mas cowok sih bacok baco hehehehehehehehehehehehe
2023-12-03,48,8,ajar 3d semester seru tantang basic desain ajar ajar
2023-12-03,100,7,editing video dubbing apliksi gampang alhamdulillah tinggal 1 bab revisi syukur
2023-12-03,116,8,blender kesan hidup jadi kenal orang bantu senang ajar blender
2023-12-03,126,8,bab war latih tangan etik cepat moga cepat selesai imgv tulation
2023-12-03,71,7,bab 7 kali mudah operasi sesuai dubbing produk 3d butuh teliti pas animating edit bab 7 kali bikin adrenalin tingkat war validasi produk terimakasih
2023-12-04,60,7,bab edit susah mudah tisak pakai aplikasi blender memamkai aplikasi edit familier
2023-12-04,51,8,ajar titik imgv selamat juang nangis2 hasil happy imgvtulation
2023-12-04,29,7,alam bab bab bab mudah masuk rekam suara hasil render dalam kerja nya butuh
2023-12-04,77,8,materi proyek 3d selesai asistensi praktikum temu bab 8 takut validasi asisten praktikum temanteman halhal revisi bab 8
2023-12-04,70,7,dubbing mudah labelling butuh kerja 1 kemarin kota 2 acara keluarga papa ikhlas sabar tabah dl
2023-12-04,55,7,capek tau nyusun buku kuning teman teman suka ajar mentang mentang kelar bantu teman
2023-12-04,75,6,bab rendering lumayan berat proses siksa laptop laptop panas proses lumayan suka tunggu asprak alhamdulillah asprak pol
2023-12-04,75,7,bab dubbing mudah suara jelek rekam ulang kali asistensi nya lancar asprak fast respon
2023-12-04,118,7,nih first time coba mas reng takut banget sumpa mas buaik kesan kayak next time deh coba
2023-12-04,127,0,alam modelling tidur bingung menngunakan blender seru tantang kenal orang
2023-12-04,54,7,bab dubbing alhamdulillah atas mudah cepat terimakasih asprak banget asistensi cepat
2023-12-05,73,8,syukur bab materi imgv juang juang bayar buku kuning bangga
2023-12-05,63,6,bab rendering susah bab tinggal merender produk tunggu hasil butuh sabar terimakasih
2023-12-05,26,8,bab pennyelesaian buku kuning anak kos habis keluar uang lumayan buka grup ecek wwar slot asistensi
2023-12-05,66,7,alhamdulillah yaallah bab 7 plong moga dopermudah depan imgv 3d oke
2023-12-05,104,6,lumayan asah sabar ya ges sabar hadap rendernya animasi rendernya lot
2023-12-05,78,7,finally selesai tinggal tunggu besok ac cowok moga ac terima kasih kakak kakak asprak sabar luang asistensi
2023-12-05,111,7,alhamdullillah bab moga teman teman kakak kakak emmbantu imgv manfaat amin
2023-12-05,120,6,bab rendering mudah butuh 22 jam selesai rendering 1500 frame kakak asprak banget memberitahu salah
2023-12-05,89,8,sabar sabar sabar sabar sabar sabar sabar sabar sabar sabar sabar sabar hadap revisi
2023-12-05,90,7,pujituhan ac moga next bab lancar mgv tulesyen terima kasih tyb
2023-12-05,96,8,alhamdulillah pon bab 8 nik moga revisi ok ok ok ok ok ok ook ok ok ok
2023-12-05,10,8,alhamdulillah one step closer terimakasih ya kakak kakak teman teman ngerjain bareng tidur masjid semangat2
2023-12-05,2,8,alhamdulillah hujung juang korban moga lancar urus asistensi moga mgvtulations amin
2023-12-05,72,8,bismillah asistensi bab 8 moga lancar revisi moga mas cowok mood baik mgvtulation im coming
2023-12-06,64,6,alami kendala proses render makan tunggu hasil proses kerja
2023-12-06,37,8,yoosemangat buku kuning hir ayem por yuk epriting ku juang untuk buku kuning keramat
2023-12-06,113,6,proses mudah susah down dikit asprak senyum judes sabar mbak maaf lola bantu teman
2023-12-06,6,8,terimakasih tugas nikmat ruwet dalam - war kenang banget
2023-12-06,20,8,alhamdulillah mgvtulation yeay terimakasih bantu garis finish hehehe
2023-12-06,24,8,alhamdulilah hujung jalan selesai imgv terima kasih ajar sabar tekun moga nilai bagus plus amin mari tutup alhamdulilah jumpa jalan tugas lecturer
2023-12-06,125,7,oke alam kerja asistensi bab 7 alhamdulillah jalan lancar bismillah goes mgvtulation
2023-12-06,55,8,bismillah selesai asitensi cowok revisi nya kir moga langkah bikin bangga aamiin
2023-12-07,65,8,imgv banget ajar nya erti poster sampul buku objek 3d erti poster sampul objek 3d terimakasih imgv luv
2023-12-07,118,8,kain ucap teimakasih mohon maaf sumpa iki tugas tereffort sakumur umur terjang hujan gerimis beldekan barang hahahaha
2023-12-07,36,8,gwvevsvvdhbfbdvdvdvevegwvevyn5nthbevevvsvscscscscscscv wcececsccscscsvevevesvsvevbesgfwfh3gwgwgwgafqfwfqf
2023-12-07,63,7,bab dubbing susah karen edit capcut lumayan mudah menggunakana hp
2023-12-07,113,7,mas nya enak mudah urus adek tingkat wes pokok mudah dirosting
2023-12-08,63,8,bab produk satu hasil produk tau hasil produk bagus usaha maksimal
2023-12-08,71,8,terimakasih tugas mgv lumayan bikin up and down benar uji mental fisik projectnya jujur bikin menang banget pas ngerjain bab 1 bab animating fan pasti pas nyusun porto trims
2023-12-08,113,8,kelaar big thanks asprak cowok asprak bantu sabar hadap love lu al
2023-12-08,117,8,finally huhuhu selesai senang banget moga nilai bagus moga semester depan lancaar
2023-12-08,70,8,imgv ter the best selesai alhamdulillah alhamdulillah alhamdulillah alhamdulillah alhamdulillah
2023-12-10,92,8,mgvtulation terima kasih bantu selesai mata kuliah proyek terima kasih lecturer st mt validasi akademik mudah ac lembar kesah kkp terima kasih mas insanul ajar dasardasar perangkat lunak blender dukung proyek terima kasih mas zacky teman shandy ajar bab 1 3 terima kasih kakak tingkat 2022 mas wildan mbak sekar dl bantu selesai proyek terima kasih mas assistant tantang ajar hasil situ lupa temanteman bantu proses kerja proyek terima kasih mohon maaf sebesarbesarnya salah sengaja sengaja
2023-12-11,75,8,bab produk alhamdulillah selesai habis bawa laptop ya revisi an capek bolak tukang print
2023-12-11,64,8,kesan senang memori kenang awalawal kuliah erat teman tolong juang cari asprak dl beban plong hasil selesai hujung bab
2023-12-12,120,8,alhamdulillah selesai bab 8 bab tarik ajar awalawal sulit melelahkannamun lelah keluh kesah hilang tanda tangan
2023-12-12,44,4,guna lms imgv bantu mahasiswa pantau nilai ajar materi
2023-12-12,44,5,kerja animating alami kendala salah satu kerja butuh fokus teliti
2023-12-12,44,6,kerja rendering hambat kerja mudah bantu mater sedia lms
2023-12-12,44,8,proses asistensi cowok mudah bantu koreksi report hadap validasi produk
2023-12-15,31,7,bab dubbing salah bab sulit kerja sibuk sibuk senang bab dikit mgvtulation bangga selesai walupun tantang tantang bangga sembah hasil project 3d terima kasih asprak dubbing terima kasih teman teman bantu moga project dipublishkan bahan ajar manfaat
2023-12-18,69,8,project imgv tantang susah seru ajar objek 3d manejemen fisik lainlain balance
2023-12-19,101,7,diakhirakhir kerja mood stabil malas ngerjain pikir selese masalah akhir curhat mama bapa alhamdulillah beliau kuat kuatin kasih semangat tambah doa doa beliau
2023-12-19,124,8,validasi bab 8 tantang kejar deadline file sifat hardware print
2023-12-19,101,8,projek senang syukur samping iring keluh gejolak mood biarpun langgar atur mana alhamdulillah selesai
