created_at,user_id,topic_id,stemmed_message,sentiment,sentiment_score
2023-10-24,1,0,cerita rasa tugas dimensi pesimis tugas sanggup menang sadar tugas mudah matkul per tokopedia,negative,0.9119786620140076
2023-10-24,2,1,senang ajar materi 3d materi tarik manfaat suka ajar objek 3d bentuk dasar objek kompleks suka ajar teknik manipulasi objek 3d suka materi kompleks butuh ajar materi terkadang teoritis praktikal baik harap materi kemas sistematis mudah paham harap materi fokus praktikum mahasiswa langsung terap teori ajar alam asistensi proses asistensi validasi jalan asisten praktikum bantu sabar,negative,0.5412861108779907
2023-10-24,2,0,senang ajar materi 3d materi tarik manfaat suka ajar objek 3d bentuk dasar objek kompleks suka ajar teknik manipulasi objek 3d suka materi kompleks butuh ajar materi terkadang teoritis praktikal baik harap materi kemas sistematis mudah paham harap materi fokus praktikum mahasiswa langsung terap teori ajar proses asistensi validasi jalan asisten praktikum bantu sabar,negative,0.6416587829589844
2023-10-24,3,0,ajar materi seru awal susah basic web damping bab kes tarik struktur,neutral,0.49853208661079407
2023-10-24,4,1,pusing ajar blender ya allah bismillah lancar selesai suka ajar mgv benarbenar bawa ubah suka mencaricari asistem praktek terkadang sulit hubung ajar benarbenar otodidak aplikasi asing toolsnya alam tambah ilmu jurus tau,negative,0.5899965167045593
2023-10-24,5,0,alam projekprojek mata kuliah inovasi media grafis visual projek2 nya penuh tekateki tantang suka nya latih gerak cepat memdesain suka milik basic desain alami sulit teman milik basic desain,positive,0.6938339471817017
2023-10-24,6,0,suka materi ilmu desain 3d kuranhg suka butuh device mumpuni asdos bantu mahasiswa paham judul,neutral,0.5841770172119141
2023-10-24,5,1,alam projek 3 dimensi suka suka banyak suka buat aplikasi blender ya suruh projek 3 dimensi alam pasti lupa kepanikan2 nya,negative,0.9362266659736633
2023-10-24,7,0,ajar materi bingung darimana basic desain 3d ajar step by step hasil sesuai mampu bisa hehe,negative,0.7136361002922058
2023-10-24,7,1,alhamdulillah aju judul langsung ac ya tuhan tau ku segimana syukur apa hasil proses maksimal,positive,0.8669720888137817
2023-10-24,8,0,salah mata kuliah favorit dalam ajar seru monotontidak membosankandi ajar lecturer tuntut mahasiswa ikut beliaunamun bebas mahasiswa kreatif milik mahasiswa disiplin atur membangn semangat mahasiswa sedia bintng bab i love mgv,positive,0.9029639363288879
2023-10-24,10,0,expect ngejain 3d but seru banget ajar walopun kayak rollercoaster semangat ya mentemen makas bantu hehehe,positive,0.9895856976509094
2023-10-24,9,0,alam materi senang tantang asah ilmu ajar smk ulik software nya ajar sekolah tengah juru alam asistensi validasi rasa tugas proyek tantang hadap dosen asisten dosen asisten praktek tata nya sopan hasil proyek tele tele gerogi demonstrasi,negative,0.49550971388816833
2023-10-24,11,0,kali cerita alam ajar mgv materi mgv unggul asal smk menang start banding teman asistensi asprak demonstrasi produk langsung dosen awwalnya kaget harus lapor biasa aplikasi word ajar teman selesai tugas mgv milik kendala asistensi teman keluh asisten sensitif kes susah ajak kompromi tugas selesai haya alam cerita,negative,0.9611162543296814
2023-10-24,12,0,alam materi senang seru tantang asah ilmu ajar smk dalam 3d blender,positive,0.7586427330970764
2023-10-24,13,0,materi 3d susah milik alam dasar desain 3d aplikasi rumit susah ajar materi kembang skil desain pasti alam guna depan,negative,0.9840457439422607
2023-10-25,14,0,atas ajar modeling software perintah hasil buat sempurna lms jiga bantu tenggat proyek,neutral,0.952275812625885
2023-10-25,16,1,ajar 3d blender butuh damping tutor macam guide ngangong,neutral,0.912326455116272
2023-10-25,17,0,seru sih tantang buru bikin sulit ya tuntas tugas ajar tutor batas seru relasi katingaspraknya ajar adikadiknya ajar,negative,0.9046457409858704
2023-10-25,11,1,nikmat model ajar alam seru tantang luas tahu terkadang hadap kendala lapor aspek seru tantang ajar mikat batas tulis lapor tantang sendiri proses cerna paham materi ajar muas transfer paham lapor terampil organisasi muka gagas sistematis upaya atas kendala ajar tulis lapor cari pandu latih harga sempat model ajar bantu atas keterbatan jalan alam ajar seru muas,positive,0.4250509440898895
2023-10-25,18,1,bismillahirrahmanirrahim moga mudah asistensi mudah urus amin,positive,0.9357399940490723
2023-10-25,8,1,moga mgv asah soft skil kerja seemangat suka tidak tahu guna blender,positive,0.49519655108451843
2023-10-25,18,0,bismillahirrahmanirrahim moga asisten praktikum mudah urus mahasiswa,positive,0.9194967150688171
2023-10-25,19,1,ambil judul salah temanteman ambil judul lumayan mudah bentuk bulat kotak bunga bentuk kompleks sulit buat menang hehe,negative,0.9843136072158813
2023-10-25,10,1,senang ajar 3d explore tutorial agam sumber wishlist cita pengin 3d modeling pengin bikin anime hehehe struggle nya bingung lupa tools pakai sok far so good makas,positive,0.9677716493606567
2023-10-25,20,0,ajar produk 3d blender ajar tools kembang produk tau tools grab belah produk boolean lainlain,neutral,0.7909024357795715
2023-10-25,21,0,suka ajar seru ajar sayang laptop penuh hehe seru moga beli laptop mudah tugas yeay,positive,0.9889588356018066
2023-10-25,22,0,senang project 3d laptop pakai raam 2 intel celeron gen 4 tantang macet2 dikit ngaruh apa daya rampok orang tua jelang lansia rumah sakit2 an eh rampok beli laptop spek dewa - igal tweet social activity nikmat proses protes protes takdir moga kuat bismillah bintang,negative,0.961613655090332
2023-10-25,23,0,mgv ribet asik canda asik tugas mgv benerbener tantang kerja ya allah ya allah suruh masuk tep,negative,0.9847058653831482
2023-10-25,22,1,senang ajar 3d suka rampok orangtua 3d mampu orang tua teman moga solusi rampok orangtua,negative,0.914474606513977
2023-10-25,24,1,jujur sunggup tugas 3d tugas menang malam hilang semangat jalan hidup milik basic bidang 3d terimakasih alam titik sabar,positive,0.8041657209396362
2023-10-25,25,1,jujur sanggup tugas 3dkarena tugaskarena menang pikir tugas 3d,negative,0.5746101140975952
2023-10-25,26,0,tugas imgv kali project 3 dimensi project kali ajar aplikasi blender penggunaanya menghapal toolstoolsnya shortcut numpad penggunaanya ajar seru bikin pusing banget ajar pinterpinter cari youtube google tugas kontrak bikin pusing panik lapor bingung etik ajar youtube kadang aplikasi,negative,0.9368449449539185
2023-10-25,27,1,ajar blender tugas 3d awam fiturfitur aplikasi blender lumayan sulit hafal fiturfitur aplikasi blander tutor temanteman kakak tingkat mudah ajar blander harap tugas jalan lancar asprak asdos dosen terimakasih,neutral,0.4133068025112152
2023-10-25,29,1,dal ajar materi kesan takut senang kali ajar materi blender senang ajar,negative,0.9707175493240356
2023-10-25,29,0,kesan pesan dalam tugas takut senang sisi kali ajar aplikasi blender takut senang ajar,negative,0.9686787724494934
2023-10-25,30,0,ajar materi beda modelsmodels 3d menjadiebih erti perbedaanya,neutral,0.9758762717247009
2023-10-25,14,1,alhamdulillah lancar kakak asprak mantul moga sulit adik tingkat lancar wisuda,positive,0.90852290391922
2023-10-25,13,1,materi sulit butuh sabar terampil extra kerja milik alam editing 3d sulit kerja moga selesai tugas,negative,0.9842224717140198
2023-10-25,31,0,project 3d pakai software blender first time pakai software bagus keren senang mikir susah banget laptop spek nya rendah ajar mudah mudah ambil project lapis planet saturnus ajar lapis planet anjur media 3d serta didik maksimal paham kognitif tahap modelling selesai 5 pemberitahuan project tanggal 25 oktober jam 645 an d4204 demonstrasi modellingku lecturer moga tahap tahap maksimal terima kasih lecturer mas assistant cepat share tentu tulis lapor,positive,0.41870540380477905
2023-10-25,32,0,ajar software blender tools temu software tambah wawas 3d kembang kreativitas jujur suka software kurang paham asistensi assisten praktek erti lupa tools langkah langkah buat asprak bantu senang hati,neutral,0.9269227385520935
2023-10-25,31,1,tahap modelling selesai 5 pemberitahuan project tanggal 25 oktober jam 645 an d4204 demonstrasi lecturer demonstrasi jalan lancar ac tahap modelling bantu kakak tingkat dasar operasi blender first time guna senang hasil muas moga tahap tahap maksimal saran info lapor tentu tulis terima kasih lecturer mas assistant,neutral,0.9674851298332214
2023-10-25,33,0,alam tugas 3d seru banget ya ajar blender pusing jus eh stres hehe untung tutor youtube teman kating rela luang ngajarin terima kasih kesediaanya syukur banget sih selesai asistensi tahap modelling moga depan lancar aamiin moga cepat mgvtulation deh biar plong alhamdulillah asisten praktikum fastrespon kalo dichat chil lupa dibantuin makas makas sih temu disukain dasar proses validasiasistensiku ya,positive,0.9708894491195679
2023-10-25,20,1,software blender ajar belah objek gabung objek lainlain erti shortcutshortcut kembang produk 3d blender cari tutorial youtube ajar kakak tingkat teman angkat,neutral,0.9869612455368042
2023-10-25,9,2,alam ajar materi butuh teliti sabar ulet paham tutorial refrensi dekat bab luas imajinasi bayang tekstur warna objek alam bab jelas objek bentuk,neutral,0.47202035784721375
2023-10-25,35,0,materi kali alhamdulillah pusing bingung ngarahin ajar samasama serasa tugas mgv ya kalo ajar blender,negative,0.9878936409950256
2023-10-27,36,1,alam validasi seru asprak baikuntuk ajar materi lumayan susah,negative,0.7101681232452393
2023-10-26,37,1,asyik seru tantang terseokseok ajar otodidak tutor baya kating nikmat,positive,0.9941107630729675
2023-10-26,37,0,maaf rekanrekan mahasiswa tep 23 sopan mohon bimbing akademik sikap terima kasih,neutral,0.9039490222930908
2023-10-26,38,0,alam aju judul berguras pikir jadwal mata kuliah kalah cepat aju judul kelas juduljudul turut mudah isi penuh temantemanku bingung ambil judul pilih ambil judul anatomi usus manusia judul ac gegas beli kertas stempel kwu besok nya tanda tangan mas assistant,negative,0.9833085536956787
2023-10-26,38,1,alam modelling tarik judul terima lalu validasi tenang kuasa blender tutorial youtube coba nya gagal menang ovt tau kapai coba nya nol doa sekhusyu2nya tara im happy with my progres,positive,0.8412665724754333
2023-10-26,41,0,suka moga bintang ajar blender suka revisi tolong mas revisijangan terima kasih mas,neutral,0.38513830304145813
2023-10-26,42,0,website nya bagus mudah paham keren bantu ajar inovasi media grafis 2d 3d seru,positive,0.9950586557388306
2023-10-26,43,0,ngerjain menang ngeluh gapapa deh materi banget ajar terima kasih lecturer,positive,0.9136322736740112
2023-10-26,44,0,seru sih ajar 3d tugas cari cari asprak kesal seru main main 3d,negative,0.9838413596153259
2023-10-26,45,0,alam blender ddalam desain 3d buat smk smk halang covid 19 pemberljaran evektif materi model suka sistensi asisten milik keingina sifat beda iitu mebuat terkadang bingung,neutral,0.4947138726711273
2023-10-26,23,1,mgv jaya jaya jaya jaya jaya stres gapapa happy kayak terimakasih hehe,positive,0.6972573399543762
2023-10-26,1,1,usaha bab modelling ya allah ya allah everyday terima kasih tugas tugas nyebut sekian,positive,0.6793811917304993
2023-10-26,43,1,alhamdulillah selesai tugas grafis visual paham proses buat bahan ajar peran ajar,neutral,0.7510838508605957
2023-10-26,46,1,alhamdulillah proyek selesai ajar proyek 3d syukur selesai bab 1,positive,0.6917033791542053
2023-10-26,46,0,suka hapus bidang sulit tata objek ajar ulang kali,negative,0.9839401245117188
2023-10-26,28,1,modul ajar bagus ajar modul simpel keren modul mudah akses,positive,0.9884135127067566
2023-10-26,47,0,ikut matkul tau erti 2d 3d erti tooltool sekar erti ajar proses matkul,neutral,0.9883558750152588
2023-10-26,42,2,materi nya mudah paham bahasa inggris aku tau materi coloring texturing,positive,0.9907735586166382
2023-10-26,48,0,ajar kali materi ajar tarik mana tugas desain produk 3d,neutral,0.9196056723594666
2023-10-26,21,1,seru banget tugas cuman laptop bikin greget moga rezeki biar beli laptop amin,positive,0.9941197633743286
2023-10-26,50,1,alam ajar campur aduk pusing hadap laptopsaya sulit laptop pada jujur mampu 0 karnasaya lulus ips makan kagettapi papa usaha menghianati hasilyang los hehehe puji tuhan sulit capeeini etik ya pokok teh capek bangettsoalnya duduk terussakit punggung,negative,0.9946290850639343
2023-10-26,51,1,alam kuliah ngeri ngeri sedap tugas mgv untung bidang passion tep bikin susah sih bikin produk asistensi nya ribet huhu emotnangis sekian thankyou,negative,0.7077332139015198
2023-10-26,50,0,objek garis lengkung kendali derajat lengkung mana tools cocok,neutral,0.8707891702651978
2023-10-26,17,1,suka kerja tantang tugas minggu tambah deadline lumayan mula asprak temu katingnya bantu adik susah,negative,0.6142875552177429
2023-10-26,51,0,kuliah aman aman sih hehe kayak gampang banget gitoh i suka matkul matkul tep lucu lucu dosen sabar sabar lecturer abah zain hehe,positive,0.9943894743919373
2023-10-26,52,1,moga kuat tamat tugas lumayan tantang teka teki mecahin asprak lumayan sueru rodok rodok,negative,0.8317811489105225
2023-10-26,27,0,imgv tugas 3d alam kali softwere blender sulit kembang produk tutor teman kakak tingkat mudah ajar blender alam bilang konyol proses buat produk kampus menang asdos demonstrasi produk asdos menguhubungi asdos jam 1700 jam hampir asdos 1809 demonstrasi tutup jam 1800 asdos milik tuju sendiri tahu badmood putus batal demonstrasi asdos bab 1 3d moga kuatkuat deh moga lancar urus dosen asdos asprak rekan,negative,0.9526103734970093
2023-10-26,53,0,ajar 3d aplikasi blender paham tools blender pakai aplikasi pakai aplikasi bingung 3d,neutral,0.9882259964942932
2023-10-26,54,1,suka giat media 3 dimensi ajar desain kenal desain kuliah sulit sesuai usaha tugas desain selesai sesuai deadline asistensi bantu baik ajar jadi hasil modeling,negative,0.7809615135192871
2023-10-26,54,0,pilih judul produk bingung erti desain cari referensi tutorial buat modeling blender putus pilih judul,neutral,0.9576703310012817
2023-10-26,26,1,tugas modelling bab selesai pusing model hasil buruk proses demosntrasinya ulang hadap asisten praktikum jalan lancar,negative,0.9868910908699036
2023-10-26,5,2,ajar coloringtexturing samasama rumit modelling kemarin rumit modelling,negative,0.8372900485992432
2023-10-27,55,0,imgv asik banget saking asik nya pengin menang alam bikin desain 3d,positive,0.9966995120048523
2023-10-27,45,1,materi modeling sulit model type software beda suka model terkadang salah erti shortcut sengaja erti asisten asisten erti mampu,negative,0.603333592414856
2023-10-27,57,0,ajar materi suka wawas paham cepat harap larai materi,negative,0.48764172196388245
2023-10-27,59,0,sungguh alam tantang mana sentuh software editing 3d usaha kuasa ilmu nya,positive,0.9655450582504272
2023-10-27,59,1,ajar 3d mana sentuh software 3d proses asistensi rumit kating,neutral,0.9458964467048645
2023-10-27,60,0,materi ajar benda blender satu hasil model model 3d cepat suka model 3d lengkung bentuk sesuai suka proses blok gambar teliti alam asistensi senang bawa santai masuk masuk guna,neutral,0.7166956067085266
2023-10-27,61,1,materi kali senang materi ajar materi tarik mana desain modeling kreatifitas sisi sulit dasar tau materi alami sulit kerja,negative,0.9602587223052979
2023-10-27,61,0,materi alami sulit dasar materi tantang jangka sebentar tugas,neutral,0.6816518306732178
2023-10-27,62,0,alam ajar materi paham materi proses validasi asisten asisten ramah,neutral,0.8175004124641418
2023-10-27,55,1,ajar imgv bikin stres fikir fikir asik tugas imgv hubung teman obrol obrol ketemu asprak asik asik heheh moga bab lancar amin,positive,0.9308063983917236
2023-10-27,22,2,alam ajar teksturing kesan kali ajar 3d blender sungguh alam kesan moga kuat,positive,0.9771069884300232
2023-10-27,64,0,penasaran ajar sisi sulit tools asik fungisonalnya shortcut depan bimbing tentu judul luang ringkup pilih sempit tantang serah proses kerja pantang utama malas ajar nyaman program software malas ajar program software,negative,0.990496039390564
2023-10-27,65,0,alam tugas 3dimensi rintang rintang halhal bekal apa teknologi mata kuliah erti bidangbidang erti edit produk suka teman bantu teman ehehe,negative,0.42185258865356445
2023-10-27,66,1,alam ajar sulit mula ajar materi alam rasa pusing pusing nya pusing banget hehehe erti edit blender istighfar terus ucap allah allah terus,negative,0.9535477161407471
2023-10-27,67,1,ajar matri tarik seru tidsk suka susah cari ide bingung proses asistensi seru pol revisi hehehe,positive,0.639753520488739
2023-10-27,67,0,ajar matri tarik seru tidsk suka susah cari ide bingung proses asistensi seru pol revisi hehehe dikit dikit yaallah yaallah hehehe,negative,0.5167960524559021
2023-10-27,68,0,suka duka materi suka nya paham erti pikir ajar nya senang object 3 dimensi paham erti tagih edit edit kualitas produk bagus bagus duka nya awal pusing langsung tugas arah erti guru tuntut mandiri gantung sulit paham softwarenya dosen bilang lecturer gampang mudah sulit,negative,0.9880020618438721
2023-10-27,68,1,asistensi nervous langsung asisten praktikum nervous temu asprak kakak kakak asprak helpful tugas tugas tugas relasi kakak tingkat lepas asistensi doa kakak asprak mudah tugas mudah perkuliahanya lulus terimakasih kakak kakak asprak,positive,0.822941243648529
2023-10-27,69,0,pribadi materi tarik senang materi 2d materi temu tahu pengerjaanya bantu temanteman materi tingkat interaksi sosial teman kakak tingkat,neutral,0.98201984167099
2023-10-27,69,1,bab lumayan sulit kali ajar halhal bantu temanteman selesai asisten praktikum asik berat tugas,negative,0.9839335083961487
2023-10-27,70,1,alam ajar pantang serah ajar mgv alam mgv tarik butuh konsentrasi kerja mgv mantap semangat,positive,0.9856530427932739
2023-10-27,71,0,alam aplikasi blender kali seru sulit operasi aplikasi tahu pasti ajar ajar imgv sulit injak bab 1 bab pusing bingung operasi aplikasi alam asistensi uji asistensi mas assistant tantang tantang paham operasi blender,negative,0.8729711174964905
2023-10-27,71,1,bab modelling ajar arah aplikasi blender product bingung operasi ajar hasil ajar teman paham modelling product kali moga depan paham operasi aplikasi blender bab 1 alam asistensi asprak alhamdulillah jalan lancar cepat ac,positive,0.541588544845581
2023-10-27,35,1,benerbener mah kalo orangorang ngajari stres berat ya alhamdulillah disyukurihidup dirasain proses instan percaya kalo kuat semangat,positive,0.9250315427780151
2023-10-27,72,0,pilih judul ragu opsi judul cari opsi judul pakai teman tentu judul kali aju judul spreadsheet judul teman harus konfirmasi judul sih beri tantang putus aju judul terima judul pilih mudah saya paham erti fiturfitur aplikasi blender bantu video tutorial youtube browsing internet selesai tugas imgv judul pilih,neutral,0.8313912749290466
2023-10-27,72,1,sulit bab modelling minim artikel video tutorial judul coba temanteman ubah bentuk senang ajar aplikasi blender aplikasi butuh model tiru objek tampil digital selesai bab modelling bantu asisten praktikum imgv bantu proses modelling demontrasi bilang alat pada jadi duga hadap bab,neutral,0.747187077999115
2023-10-27,73,0,materi 3d tarik tantang inovasi baru kembang kali aplikasi blender sulit nali fitur fitur aplikasi blender fitur fitur kenal detail bingung implementasi langkah langkah tutorial dalam modelling giat asistensi validasi asisten praktikum jalan lancar demonstrasi alami kendala laptop giat asistensi jalan lancar,neutral,0.8809834122657776
2023-10-30,74,0,materi materi sulit mdelling dasar aplikasi blender tau dasar nya mudah 3d aplikasi blender,negative,0.4797210693359375
2023-10-27,75,1,kasih tugas 3d oke 45 kasih tau selesain bab minggu situ panik cepat aju judul biar kayak teman sumpah tuh pusing banget gambar buat kayak cari referensi putus bikin gunung rap buru ngisi gform panik salah tanggal huhuhu gapapa aman benerin judul diac bikin panik tuh ngisi kertas gabole coret typo sumpah tuh ngisinya hati banget kalo keluar jatah uang makan beli kertas untung salah noda dikit banget gara bulpoinnya kering hapus jebret deh cerita segitu ya bab,negative,0.9917142987251282
2023-10-28,65,1,aplikasi blender lumayan rumit ajar intiinti aplikasi erti mudah,positive,0.8483434319496155
2023-10-28,66,0,alam materi senang bangga bikin aplikasi blender hehehe baik sesuai,positive,0.9931911826133728
2023-10-28,77,1,matkul mgv kali masuk materi 3d materi lecturer tugas mahasiswa angkat 23 karya 3d ajar desain lantas kaget dengar tugas lecturer pikir tempuh didik s1 jurus syukur jurus tep dulunya karya 3d alhamdulillah desain karya 3d bagus teman teman bangga capai ajar mata kuliah suruh cerita alam suka materi tentu suruh kontrak ribet maksud langsung bikin desain 3d nya langsung capek capek tanggal nya temu aspr,negative,0.745351254940033
2023-10-28,77,0,matkul mgv kali lecturer tugas mahasiswa angkat 23 desain 3d lecturer memberitahukan tugas kaget frustasi berfikiran ajar desain coba lihat media youtube tutorial desain karya 3d coba software blender desain 3d tarik tentu nya ribet,negative,0.972850501537323
2023-10-28,3,1,modelling alam seru tambah skil kait 3d asprak komunikatif bab jalan lancar,positive,0.9935092329978943
2023-10-28,78,0,jujur ajar blender kali hidup bingung banget tugas hallsuisseo alam ajar suka ya asistensi alhamdulillah asisten super pol bab 1 jalan lancarsemangat 7 ab,positive,0.9680377840995789
2023-10-28,79,0,suka desain 3d desain 3d gambar imajinasi nyata suka bingung buat 3d,neutral,0.37322381138801575
2023-10-28,79,1,suka materi 3d tarik ajar terkadang bingung aplikasi imajinasi dalam bentuk 3d,neutral,0.5097929835319519
2023-10-29,60,1,alam tarik ajar milik basic usaha kuasa praktikum kakak asisten ramah,positive,0.9398552775382996
2023-10-29,80,0,paham blender dasar nya paham lumayan habis hal tugas paham dasar blender ya produk selesai asistensi praktikum selesai report card salah tanggal mana miskom mas assistant moga kurang skor akibat lambat deadline,positive,0.5358821153640747
2023-10-29,80,1,hal kritik saran kerja modeling butuh cepat kejar deadline ngerjakan dasar nya,neutral,0.7644875049591064
2023-10-30,74,1,kemarin asistensi pruduk bab modelling alhamdulillah mudah mendemontrasinya dasar dasar aplikasi blender,positive,0.5358607172966003
2023-10-30,83,0,spil khawatir bingung laptop sesuai alhamdulilah beli modelling lumayan susah,negative,0.974358856678009
2023-10-30,84,1,suka ajar materi suka jiakalau bawa mouse susah bawa mouse,negative,0.849520742893219
2023-10-30,84,0,susah cari benda tingkat kreativitas rendah pilih mobil judul suka mobil inspirasi internet mobil,neutral,0.7263341546058655
2023-10-30,85,1,ajar mgv seru banget seru nya bintang eheheheh kali ya menang garagara imgv menang cinta imgv lecturer ehe seru sih mencaricari asprak tuh kenal katingkating tambah teman seru buru bintang lecturer sulit ku bikin 3d sih toolstools nya kadang bikin bingung pakai mouse ribet huhu imgv mudah mood ku teman ngerjain bareng bareng seru kaya eheheh,positive,0.9745423197746277
2023-10-30,86,0,aju judul erti tipe media ajar 3d pilih cocok pilih produk,neutral,0.9970273375511169
2023-10-30,86,1,bab modelling laksana asistensi asprak saran saran baik depan,neutral,0.9959502220153809
2023-10-31,4,0,proses cari judul sulit adu cepat cari judul cadang judul terima,negative,0.9945171475410461
2023-10-31,87,0,buat modelling bingung blender kali apk buat 3 dimensi datang teman senang hati ajar guna apk sabar suka lupa,negative,0.7945173382759094
2023-10-31,88,0,alam software blender bingung beda software 2d lihat youtube tutor teman,neutral,0.7310178279876709
2023-10-31,88,1,bingung untung validasi lecturer challenge challenge susah modelling lancar,negative,0.992920458316803
2023-10-31,14,2,moga kwat deh terimakasi kakak kakak asprak sulit sabar tunggu demonstrasi,positive,0.7426987886428833
2023-10-31,89,1,oke oke oke oke oke oke oke oke oke oke oke oke oke oke oke oke oke oke oke oke oke oke oke oke oke oke oke oke oke oke,neutral,0.9835453629493713
2023-10-31,89,0,alhamdulillah habis uang uang makan minggu beli kertas elite,neutral,0.77207350730896
2023-10-31,91,0,alam mempejalajari materi golong sulit sentuh software blender basic,neutral,0.9830176830291748
2023-10-31,12,2,coloring pusing tujuh keliling ajar coloring texturing blender kir,negative,0.9905301928520203
2023-10-31,92,2,coloring mudah cuy gegara projek ku ikut mudah ya yaudah - moga lancar,positive,0.9723004698753357
2023-10-31,69,2,bab mudah ajar bab modelling erti macammacam shortcut blender ajar youtube coloring texturing seru,positive,0.953421413898468
2023-10-31,2,3,pusing tujuh keliling coloring texturing lighting hadeuh tugas semangat,negative,0.8573546409606934
2023-10-31,88,3,lighting pusing tujuh keliling pertamakali pakai software blender moga lancar ajadeh bab bab aamiin,positive,0.922125518321991
2023-11-01,7,2,alam kesan ajar modelling texturing kaya ajar hihi semangat,positive,0.9736826419830322
2023-11-01,37,2,seru tambah insight sayang versi lawas lumayan susah cari referensi tutiorial,positive,0.8443106412887573
2023-11-01,78,1,modeling jujur kali apk blender lose thingking pikir edit cari tutorial youtube diliatin pakai 025 speed biar paham alhamdulillah sesuai deadline asistensi asisten banget bantu,negative,0.6669474840164185
2023-11-01,93,0,modelling ambil ajar pertama basic aplikasi blender aplikasi blender kurang ajar ambil,negative,0.636371910572052
2023-11-01,11,2,kritik saran demonstrasi produk alam kerja milik keluh kait lambat datang asprak demonstrasi produk seringkali tunggu ganggu efisiensi demonstrasi membuangbuang saran selenggara hadir asprak demonstrasi jalan lancar aplikasi imgv alami bug ganggu alam ikut demonstrasi produk saran lapor kembang aplikasi baik tingkat kualitas lelah keroyok tugastugas saran teman peka bantu tugas tugas berat,negative,0.9745166301727295
2023-11-01,41,3,seru seru revisi sabar butuh tutorial ajar mword margin biar reportku salah,positive,0.4423392415046692
2023-11-01,27,2,impostor bintang tugas imgv temanteman keliahan sifat aslinnya pulang malam revisi gapapalah moga kuatkuat ajaah,positive,0.8456385731697083
2023-11-01,24,2,ya allah moga laptop diri selesai tugas imgv lancar hasil sempurna telat 1 detik moga laptop ku rewel ya allah moga waras imgv selesai moga selesai bobok pikir ya allah,negative,0.9011236429214478
2023-11-01,25,2,moga laptop aman lancar 3d akhirdan moga menyeleaikan tugas imgv sempurna hasil muas amin,positive,0.9743513464927673
2023-11-01,95,0,sabar sabar sabar sabar sabar sabar sabar sabar sabar sabar sabar sabar sabar,positive,0.6189832091331482
2023-11-01,96,0,moga lancar kesabara tabah sabar sabar sabar sabar sabar sabar sabar si,positive,0.9612696170806885
2023-11-01,96,1,bismillah nomor nomor manut alur e gusti lan sabar sabar sabar sabar sabar sabar sabar sabar sabar sabar sabar sabar sabar,positive,0.5510896444320679
2023-11-01,10,2,suka coloring seru nyatu2 warna laptop serasa ledak validasi alhamdulillah kakak baikbaik banget bantuin banget apaapa menang hehehehe terimakasih ya kakak moga hari minggu,positive,0.9940429329872131
2023-11-01,26,2,alam bab texturing kepala pusing mumet karuan bingung pasuk texture 3 hari bisabisa salah mencet texturenya,negative,0.9976084232330322
2023-11-01,3,2,alhamdulliilah bab coloring sulit asistensi cepat asprak mudah hubung fast respon,negative,0.8312332630157471
2023-11-01,97,1,modelling bab 1 lelah hahaha uras tenaga uras pikir jam tidue ubah usaha keras offering ku asa anak egois cewek ego anak suka sikap ya hehe,negative,0.9966488480567932
2023-11-01,98,0,pilih produk bikin binggung judul produk judul uda pakai teman teman binggung pilih judul produk,neutral,0.6267932057380676
2023-11-01,38,2,coloring mudah modeling proses susah menang menang 3 jam garagara laptop mati deadline h1 yaallah100x yaallah yaallah yaallah yaallah yaallah,positive,0.5963761806488037
2023-11-01,19,0,cerita alam aju produk mudah aju judul produk meunggu ac lanjut ttd prc sih mudah bikin susah tuh ya anak ambil judul salah sih,negative,0.9973176121711731
2023-11-01,19,2,coloring texturing unexpected banget tutor youtube mudah eh praktek susah otodidak 3d blender alhamdulillah gagal berkalikali hasil muas,negative,0.9803037047386169
2023-11-01,99,0,alam materi tegang pilih juduk timbang babbab depan kenal buka aplikasi blender pilih judul berat depan,neutral,0.5510640144348145
2023-11-01,99,1,ajar materi bab 2 i kejut tegang kali blender tools erti ajar modeling pusing desain selesai,negative,0.9742982983589172
2023-11-01,99,2,materi kali pusing 3 malam temu solusi salah tools tekstur masuk,negative,0.9172707796096802
2023-11-01,35,2,alhamdulillah bab kali ringan texture cocok banget texturenya malahsemangat bismillah lancar ros,positive,0.9945830702781677
2023-11-01,8,2,alhamdulillah coloring lumayan mudah daripda modelling heheasprak bab 2 asyik bantu sekalisuks kak daffa,positive,0.9843341708183289
2023-11-01,5,3,alam ajar bab lighting lumayan bingung atur lighting cocok objek,negative,0.5829263925552368
2023-11-01,9,3,alam ajar materi tantang teliti tepat langkah proses keluh kesah asi enjoy your proces,neutral,0.7963045239448547
2023-11-02,33,2,praktek materi proses coloring mending daripads proses modelling butuh proses asistensi kali lega revisi kumpul projek asprak ramah,positive,0.6557506918907166
2023-11-02,67,2,bab coloring texturing seru tarik ubah ubah warna sesuai cerita kalo tugas mgv begadang huhuhu dah rasa enak tidur siang hehehe tugas seru pol,positive,0.995623767375946
2023-11-02,74,2,bab 2 bingung bab 1 tau tempat tekstur warna objek tutor mudah bab 2,negative,0.9748831391334534
2023-11-02,101,0,alam 3d mana buat pikir buat senang tambah terampil editing harap moga depan mudah alhamdulillah judul divalidasi coba,negative,0.6564693450927734
2023-11-02,101,1,alhamdulillah bab modeling asprak baaik banget kakak kayak ajar asih masuk moga allah mudah urus deh,positive,0.9855937361717224
2023-11-02,1,2,proses coloring mudah proses modelling lumayan biasa operasi blender pusing dikit its oke nama ajar,negative,0.6670656204223633
2023-11-02,102,2,mata kuliah media gravus visual bab 2 asik senang judul project pilih lumayan mudah,positive,0.9419399499893188
2023-11-02,102,2,mata kuliah inovasi media grafis visual bab 2 asik senang judul project lumayan mudah,positive,0.919251561164856
2023-11-02,102,0,mata kuliah media grafis visual mudah ajar bantu mampu bidang editing,neutral,0.9558055400848389
2023-11-02,102,1,asistensi bikin pusing capek lelah malas serah gajadi asprak asprak slowrespon terima kasih,negative,0.9819337725639343
2023-11-02,103,1,ajar materi produk yaallah yaallah yaallah alam asprak jalan,neutral,0.47023600339889526
2023-11-02,103,0,ajar materi tambah ilmu desain grafis praktek susah mbuatnya yaallah yaallah yaallah astagfirullah,negative,0.9951632022857666
2023-11-02,85,2,capek istirahat pulkam ngulang masamasa jujurly kuat kuat kuatir ahaha becanda sungguhsungguh jurus ku pilih ehe coba teknologi didik 3 jalur garagara imgv nyerah oh bro hadap imgv sesegukan dikit eheheh asli imgv tuh seru banget tau seru mana seru isi kepala ngebul isi kepala doang laptop tahantahan semester 1 tahan stres sisa air mata nya projectproject sih u project ngoding,positive,0.9424573183059692
2023-11-02,23,2,imgv senang otak suka beranganangan hehehehehehehehehehehehehehehehehehehehehehehehe,positive,0.9392710328102112
2023-11-02,83,2,jam 2 malam siang tidur alhamdulillah selesai hambat ya sih tidur pagi terimakasih imgv,negative,0.9958211183547974
2023-11-02,4,2,tugas cari asprak ngeluh aktivitas favorit asprak banget bantu sulit nekoneko sulit asistensi best banget pokok kating kating,positive,0.9768560528755188
2023-11-02,73,2,materi bab 2 coloring texturing sulit suka bab coloring texturing kreasi tentu warna karya bingung proses coloring texturing tutorial implementasi warna textur karya,neutral,0.6068307757377625
2023-11-02,48,2,materi bab2 coloringtexturing mudah cepat paham bab1 bab1 kenal blender,positive,0.9661929607391357
2023-11-02,46,2,ajar materi tau buat media ajar 3d kerja rumit butuh revisi,negative,0.9406384229660034
2023-11-02,76,2,bab 2 coloring takut susah alhamdulilah susah bab 1 modelling asistensi nya alhamdulilah lancar,positive,0.9578553438186646
2023-11-02,91,1,suka mata kuliah motivasi ajar 3 dimensi suka tekan kejar singkat mula saran untu asprak mudah asistensi bimbing revisi,neutral,0.6531625390052795
2023-11-02,52,2,alhamdulillah trial ping piro akhire finish kuis moga mudah bab 8 amin sehat sehat yer,positive,0.7897990345954895
2023-11-02,98,2,bab 2 senang panik dikit gara gara warna blender eh pencet hehe,negative,0.9891125559806824
2023-11-02,68,2,harap bab bab gampang kayak hehehehe degdegan takut eh puji mbak asprak nya heheheh terimakasih mbak,positive,0.8796582818031311
2023-11-02,100,1,pertamakali pakai aplikasi blender lumayan atas objek objek bangun rumah sulit pilih type contruction model,neutral,0.935562789440155
2023-11-02,100,0,aplikasi blender objek 3d bangun rumah pemebalajaran smk arsitektur mata ajar desaian model informasi beli 3 kertas prc mahal ajar,neutral,0.9915053248405457
2023-11-02,66,2,alam kerja tugas imgv 3d kenal aplikasi blender ya susah faham sulit semangat coba banget sih,positive,0.6803051233291626
2023-11-02,70,2,coloring mudah senang tarik senang mata kuliah inovasi media gravis visual,neutral,0.772003173828125
2023-11-02,104,1,sebelumya milik alam ajar aplikasi blender sulit aplikasi nya bingung ajar ajar aplikasi sistem blender 3d,negative,0.9808799624443054
2023-11-02,105,1,aplikasi blender tugas ajar 3d aplikasi blender ajar guna,neutral,0.9891641736030579
2023-11-02,89,2,bab 2 coloring lumayan mudah texturing sulit paham sepenuh toolstools blender,positive,0.4824742376804352
2023-11-02,65,2,alam ku bab 2 susah coloring kadang saat masuk warna produk warna masuk produk texturing,negative,0.9921850562095642
2023-11-02,71,2,bab 2 ajar coloring toturial youtube teman operasi blender bab 2 kali paham terus produk asistensi demonstrasi bab coloring kali terkadang lupa tools operasi gradient,neutral,0.89942866563797
2023-11-02,106,1,ajar 3d butuh teliti sabar selesai tugas selesai nya,negative,0.4546685814857483
2023-11-02,30,2,ngerjain bab 2 susah banget coloring warna gradasi noise mantengin laptop pagi pagi,negative,0.9946980476379395
2023-11-02,20,2,bab coloring warna tekstur objek suka aplikasi material image texture sesuai uv editing,positive,0.6286243200302124
2023-11-02,62,2,materi milik isi lengkap mudah ajar asisten praktik masuk sopan hubung,neutral,0.8956337571144104
2023-11-02,72,2,bab sulit paham software blender coba video tutorial teman coba otak atik ulang objek takut bingung cari asisten praktik revisi info temanteman asisten praktik buaik balik selesai bab 1 maksimal gapapa lecturer bilang harap moga kuat,negative,0.7902906537055969
2023-11-02,42,3,mgv seru asprak suka bantu tolong menolongseperti main ajar serunyaabisa kenal kating,positive,0.9002764225006104
2023-11-02,108,0,aju produk jukur bimbang virus sperma timbang pilih virus corona bentuk lucu banget hihihi,positive,0.9645866751670837
2023-11-02,108,1,bab modeling asli sulit gampang ditengahtengah lumayan uras tenaga pikir revisi report zuzur wow jadi lucu fokus ngerjain revisi asprak bilang salaah ganti oren orange situ ngehnya ganti warna teks hasil revisi langsung kirim asprak asprak geleng geleng akak lihat revisi,negative,0.9740232825279236
2023-11-02,108,2,bab 2 coloringtexturing gampang susah ajar report bab seblumnya typo tulis tulis asing dimiringin dk ngoreksi banget alhamdulillah revisi 1 kali heheheheeh,negative,0.89035964012146
2023-11-03,60,2,materi suka rumput proses bentuk tanah atur suka asistensi milik alam senang asisten ramah,positive,0.8432236313819885
2023-11-03,56,1,suka materi materi ajar proses asistensi nya aman asprak ribet sat set suka deh materi suka jadwal mepet sakit kayak,positive,0.9933158755302429
2023-11-03,87,2,bingung awal untung nya ajar paham warna objek warna cocok contoh acu,negative,0.612579882144928
2023-11-03,102,3,mata kuliah media grafis visual bab 3 senang judul project ambil rumit,negative,0.7153368592262268
2023-11-03,15,3,ez bos bab mudah wheheh sebelmya menang dikit ngaruh file ilanng bsimillah bintang,negative,0.7741943001747131
2023-11-03,111,0,jujur tugas kewalahan susah teman teman kali awam 3d maaf teman teman moga umur sehat,negative,0.9573391675949097
2023-11-03,56,2,alam proses asistensi asprak ramah koordinasi atur tulis prc,neutral,0.9917959570884705
2023-11-03,79,4,alam seru ajar nama nama komponen baling baling helikopter erti baling baling milik komponen,neutral,0.9383869767189026
2023-11-03,11,3,aplikasi alami bug seringkali gagal tampil nilai milik badge ganggu alam guna bug kembang perangkat lunak salah muncul rusak kesan positif guna aplikasi aplikasi tuju kerja didik salah tampil nilai serius ganggu produktivitas guna sebab frustrasi badge tampil sulit guna paham notifikasi tugas selesai akibat guna lewat informasi tugas selesai kembang keras identifikasi baik bug nilai tampil badge fungsi kualitas perangkat lunak kunci menjag,negative,0.9292495250701904
2023-11-03,113,1,modelling bikin menang aju judul tipe orang ajar software butuh tuntut cepat paham deadline stres gapapa suka ajar software editing tambah skil suka telmi lot susah hafalin shortcut chaos mbak asprak puool wes bantu proses revisi,negative,0.9641985893249512
2023-11-03,113,0,pilih judul sesuai mampu sih pilih ac judul pas bikin susah atas menang dikit proses bikin,negative,0.87296462059021
2023-11-03,112,1,modeling tugas sagat paham sagat buta blender ajar blender erti,negative,0.9618268013000488
2023-11-03,75,2,tementemen coloring texturing sih mudah ya mudah mudah tahan produk pakai texturing aplikasi tekstur objek turut lumayan mudah susah cari tekstur cocok produk ku,positive,0.9785659909248352
2023-11-04,24,3,semangat bab 4 moga asprak enak nan hati moga laptop tahan bab 2 kayak laptop deh give up yuk semangat yuk laptop ku,positive,0.9597685933113098
2023-11-04,7,3,ngerjainnya santuy slow hehe proses start orang beda beda ya santuy we,positive,0.4927148222923279
2023-11-04,115,0,aju judul bingung aju judul aju judul terima alhasil pakai judul produk,negative,0.9760032296180725
2023-11-04,115,1,bab modeling jujur sulit alas utama ajar buka blender ajar mandiri teman selesai bab revisi,negative,0.9602329134941101
2023-11-04,59,2,tugas 3d mana tugas tantang sulit kerja mana noben nya lulus ips,negative,0.9924752116203308
2023-11-04,15,4,bismillah bisaawalau revisi bab sebelmya kait bab moga mudah bab lighting,positive,0.8821349143981934
2023-11-05,100,3,beri lighting lumayan mudah beri cahaya susah beri lighting lumayan suka sulit,positive,0.6033876538276672
2023-11-06,102,4,mata kuliah inovasi media grafis visual project 3d bab 4 lumayan mudah kerja,positive,0.9329918622970581
2023-11-06,61,2,materi rumit materi enjoy materi tekan guna warna tekstur senang kerja,negative,0.9639875292778015
2023-11-06,95,2,sabar sabar sabar sabar sabar sabar sabar sabar sabar sabar sabar sabar sabar sabar,positive,0.5972342491149902
2023-11-06,107,3,lighting seru gampang teliti asprak ramah bintang 5 terimakasih danish bantu,positive,0.9808138012886047
2023-11-06,19,3,asprak nya lighting lumayan mudah lumayan cepat selesai alhamdulillah lancar,positive,0.9887131452560425
2023-11-06,116,0,blender aplikasi asing mipa original ajar blender senang ngeri ngeri sedap senang ajar blender tarik blender ilmu wawas alam erti betapa hebat orangorang balik animasi 3d terap filmfilm keren sepwrti starwars dl gamegame kompleks suka paham jengkel kadang klik objek body eh klik blender sayang ctrlz maju manusia ubah pikir alam asistensi kali kesan asprak ajar mbak asprak sistem relasi tambah luas kenal orang senang ajar orangorang hebat,positive,0.7379515171051025
2023-11-06,116,1,modelling satelit butuh lumayan objek sabar susun atur kecil kadang salah klik klik sulit temanteman ajar mbak asprak senang senang temu orangorang hebat bantu proses terimakasih,positive,0.827117383480072
2023-11-06,116,2,coloring mudah banding modelling tspi proyek bagus warna aneh coloring mudah proyek sedia skinnya google mbak asprak senang temanteman bantu ajar main kawan ilmu sungguh untung keliling orangorang tani proses,positive,0.98539137840271
2023-11-06,115,3,bab rumit bab butuh light mnegaturnya sulit atur lighting objek,negative,0.982176661491394
2023-11-06,13,2,suka bab coloring kerja cepat banding bab suka bab cari tekstur cocok design internet sulit cari alternatif tekstur,negative,0.8763490915298462
2023-11-06,13,3,bab kerja simple lighting cahaya ajar susah kerja tahap modelling,negative,0.9254492521286011
2023-11-06,99,3,bab susah bab bingung proses objek beribtextur gambar susah lighting objek coloring,negative,0.9911680221557617
2023-11-06,92,4,susah susah maju ambil tantang cowok seru sih ya asah mental btw terima kasih mas assistant,positive,0.9023135900497437
2023-11-06,11,4,apresiasi developer alam guna aplikasi mgv tingkat bug fix developer user temu bug alikasi mgv tombol navigasi terkadang pencet moga developer cepat tanggap user experience,positive,0.8838618993759155
2023-11-07,25,3,semangat jalan tugas inidan moga depan laptop aman 3d moga laku maksimal,positive,0.9859926104545593
2023-11-07,96,2,alhamdulillah lancar demostrasinya mbak asprak nya pol cantik pulapeh alhamdulillah pok e,positive,0.9851345419883728
2023-11-07,96,3,semangat semangat semangat yuk lighting bismillah pokok esemangat semangat semangat,positive,0.638064444065094
2023-11-07,32,2,terimakasih mbamas asprak buaik cantik ganteng manis tugas imgv lancar,positive,0.9764278531074524
2023-11-07,1,3,daki gunung lewat lembah menggerjakan bab sampai hujung jalan validasi produk,negative,0.5307344198226929
2023-11-07,112,3,alam ajar susah bab coloring texturing bab lighting kurang medapat plus,negative,0.9650793671607971
2023-11-07,17,3,nikmat challenge revisi asprak temu asprak saransaran kritik bangun,neutral,0.8669877648353577
2023-11-07,20,3,bab lighting ajar cahaya objek 4 lighting poin sun spotlight area,neutral,0.9898712038993835
2023-11-07,42,4,mgv seru kritik saran adakarena temu kurang web inisejauh bagus mudah akses,positive,0.8963914513587952
2023-11-07,101,3,tahap blender benarbenar blender wadah asah tingkat skil dunia multimedia karya digital,neutral,0.9620195031166077
2023-11-07,103,2,alhamdulillah bab 2 mudah moga kerja yaallah yaallah menang,positive,0.987297773361206
2023-11-07,21,3,lighting nya sat set wat wet alhamdulilah hari langsung asprak ac moga bab amin,positive,0.9682915806770325
2023-11-07,84,3,senang ulik bab lighting 3 file konsep beda beda kendala 2 file keluar bayang colloring,positive,0.6186950206756592
2023-11-07,8,4,maaf kuis ngebugmenguntungkan sih kadang bikin bingung sok far sok good not bad kerja lighting good i wil my best for next chapter,positive,0.8782449960708618
2023-11-07,85,3,nikmat mata kuliah imgv nikmat ehehehe pengin banget ngejar bintang yaallah balap mulu woilah gapapa gapapa next time kali ya mingguminggu daya ya hng salah alas unuk lalai tugastugas coolyeah imgv mwehehe tuh kayak nya ku hadap suasana apa mak butuh someone talk eluselus pala eheheheh daya pukpuk 3d ya keluh kesah nyakebanyakan keluhin bingung ya pokok mah teh butuh orang tua ku samping aak pulkam coy,positive,0.4985521137714386
2023-11-07,58,1,jujur modeling susah ampun cari referensi asprak mesti report revisi papa,negative,0.9745920300483704
2023-11-07,41,4,kemarin validasi asprak mbak asprak alhamdulillah produk revisi tambah tambah,neutral,0.9932981133460999
2023-11-07,60,3,materi ajar atur cahaya blender pelata arah cahaya tuju susah pilih arah cahaya,neutral,0.9690343737602234
2023-11-07,118,2,bab suka warna ta rumit bayang pas bab asistensi mas asprak ya sih terimakasih kakak kakak love lu ful,positive,0.7856805324554443
2023-11-07,118,0,kali pengang blander pilih judul alveolus bentuk bulat bulat kayak deh judul laen heuhuhu,negative,0.46738675236701965
2023-11-07,118,1,modeling sumpa pengin nanges uangel stok suabar e kudu dituambah tuambah deh overal semaput aman mek ya yaallah yaallah,negative,0.5039918422698975
2023-11-07,118,3,maaf banget kayak nya aku teliti lighting bab pulang mudah blander ya moga depan dimudahin amin serius,positive,0.7173720598220825
2023-11-07,69,3,lighting bab mudah ajar paham jelas youtube berbedabeda dasardasar bba mudah sulit inisiatif lighting produk hasil,negative,0.6621555089950562
2023-11-07,73,3,bab 3 lighting alami sulit proses kerja suka bab 3 lighting modal tutorial youtube paham proses lighting validasi jalan lancar,positive,0.6291107535362244
2023-11-07,24,4,lewat paruh tugas imgv bab 4 moga drama menangismenangis moga mudah bab 8,neutral,0.483512818813324
2023-11-08,83,3,alhamdulillah rintang lumayan susah ajar nol paham terimakasih semangat,positive,0.6345210671424866
2023-11-08,55,3,lighting lumayan bikin pusing senang drama menang menang drama misu misu hehehe,negative,0.5615594983100891
2023-11-08,72,3,bab lighting sengaja jauhjauh deadline bilang paham bab video tutorial saran asprak point lighting produk,neutral,0.990766167640686
2023-11-08,62,3,materi materi bantu proses lighting suka segi papar mudah paham suka cepat video nya ulang,positive,0.6919271349906921
2023-11-08,76,3,bab 3 lighting alhamdulilah mudah bab 1 modelling bab 2 coloring alhamdulilah asprak,positive,0.9457449316978455
2023-11-08,89,3,materi bab 3 lighting mudah sulit materi bab lighting kerja 4 model lighting simpel light sun area,neutral,0.7813054919242859
2023-11-08,24,0,awal cerita jalan imgv mari awal doa ikhtiar hasil bintang barokah,positive,0.9598757028579712
2023-11-08,96,4,bismillah semangat semangat semangat semangat semangat semangat semangat semangat semangat semangat,positive,0.6236693859100342
2023-11-08,31,2,bab coloring leptop merespon warna image harap situ servis leptop ganti ssd dl uras duit blender coloring pinjem leptop langsung project alhamdulillah bab 2 coloring jalan lancar asprak mbak hana semangat kejar bintang sungkan teman pinjam leptopnya moga depan kejar bintang leptop project jalan lancar,positive,0.9006112217903137
2023-11-08,61,3,bab sulit bab bab bab main fokus lighting produk asistensi senang bab langsung hadap lecturer bintang,positive,0.7781074643135071
2023-11-08,38,3,bab lighting bab mudah bagi nangisnangis ngerjain menang menang,positive,0.904788076877594
2023-11-08,60,4,ajar design teks aplikasi blender sesuai bentuk bentuk lengkung materi susah susah gampang,neutral,0.737786054611206
2023-11-08,56,3,suka materi lighting kesan hidup produk suka materi lemah tangkap informasi ajar youtube alam asistensi nyaman hubung asprak asistensi baik quiz mana uji coba salah pilih sekian terimakasih,negative,0.8181002140045166
2023-11-08,70,3,bab enak buat mudah senang depan ajar hasil bagus tarik,positive,0.9653271436691284
2023-11-08,66,3,kerja imgv bab lighting laptop ganti balik kerja tugas imgv kenal blender fungsi moga kuat tamat aamiin,positive,0.8033459782600403
2023-11-08,119,3,bab 3 lighting kerja mudah tuorial sedia paham asistensi jalan demonstrasi kerja asisten praktikum lancar,positive,0.8244987726211548
2023-11-08,119,0,kerja produk 3d pilih aju judul produk pilih judul anatomi tulang rusuk syukur langsung ac terima,neutral,0.9939697980880737
2023-11-08,87,3,alam aplikasi mgv ganggu input nilai terkadang kacau sesuai developer mohon meng fix bug terimakasih,negative,0.8263425230979919
2023-11-08,37,4,seruusaling senggol teman teman sehat kompetisi sehat cipta lingkung kompetisi sehat,positive,0.6455158591270447
2023-11-08,27,4,tunggu pasti asdos report banget sehatsehat ya asdos moga fast respons tau kakak sibuk semangat kak jalan hidup,neutral,0.5261790752410889
2023-11-08,116,3,bab lighting senang lighting bermacammacam asprak banget temanteman bantu ajar alhamdulillah satelit bagus,positive,0.9861218333244324
2023-11-08,120,0,ajar materi sulit operasi aplikasi salah materi dewasa hilang motivasi semangat selesai tugas hilang orang dekat sakit harus opname bingung tanggal kontrak lewat percaya orang milik proses masingmasing senang ajar suka deadline nya mepetmepet sulit tools blender masuk masuk apa materi senang menang kerja,negative,0.988229513168335
2023-11-08,82,5,buat animasi senang web nya rekap nilai lambat ac loh,positive,0.4981653392314911
2023-11-08,80,3,bab 3 mudah paham teliti posisi lighting bagianbagian objek,neutral,0.947577178478241
2023-11-08,77,4,alam paham materi labelling software blender tarik kali ajar materi barubaru video tutorial youtube,neutral,0.9689701199531555
2023-11-08,54,2,bab 2 coloring sulit alhamdulillah asprak hati bantu arah warna pas,negative,0.805498480796814
2023-11-08,54,3,bab lighting bingung atur tempat cahaya coba tata alhamdulillah ac asprak,neutral,0.9929459691047668
2023-11-08,30,3,lighting lumayan gampang bab ya susah sih ya overal oke sih menang dikit,negative,0.6176249384880066
2023-11-09,4,3,asisten praktikum banget ragu ilmu kasih masuk baik produk terimakasih,negative,0.9791325926780701
2023-11-09,69,4,bab labelling mudah paham youtube paham bab labelling bantu teman bab,neutral,0.47276538610458374
2023-11-09,61,4,bab laksana mudah bab bab ajar dasar blender tahap sulit,negative,0.9727420210838318
2023-11-09,61,5,bab ajar proses buat animating produk paham erti animating bab,neutral,0.9520029425621033
2023-11-09,113,2,mudah modelling susah proses asistensi jalan grogi selesai slo respon mas overal syekali mas bikin jantung copot dirosting dikit ngaruh,negative,0.9807579517364502
2023-11-09,104,2,alam ajar materi susah kendala coloring lali ajar teman teman,negative,0.9892627596855164
2023-11-09,75,3,ajar imgv senang sita tidur ya pusing bab tuh cari asprak huhuhu,negative,0.9886336326599121
2023-11-09,68,3,masyallah cari asprak pas teka teki luar kepala capek untung ac huft moga bab bab lancar ya pls,positive,0.8732697367668152
2023-11-09,99,4,ya bab kali gaterlalu susah banding bab bab ya susahsusah gampang sih tutor bantu hehehe,negative,0.9884909391403198
2023-11-09,26,4,bab labelling kali kerja susahsusah gampang kali tutor youtube mudah praktek paham,positive,0.6611745953559875
2023-11-09,26,3,bab kali lighting susah susah gampang objek ditexturing gambar hasil beda objek dicoloring base color,negative,0.9091079235076904
2023-11-09,71,3,bab 3 ligthing kali kerja mudah cepat asistensi cepat demonstrasi report bab 3 kali operasi blender mudah paham bingung,positive,0.6146634221076965
2023-11-09,36,4,materi lumayan mudah lewat materi susah kakak asprak tolong bimbing nya,neutral,0.6854379177093506
2023-11-09,98,3,bab 3 engga susah sih cari asprak susah asprak uda habis kuota,negative,0.9187192916870117
2023-11-09,113,3,jalan lancar mbak nya banget ramah dam mudah orang bab nya berat kayak modelling pokok berat modelling,positive,0.9930103421211243
2023-11-09,111,3,alhamdullillah ssedikit mudah lighting soalanya ajar kakak kakak hati terimakasih banayk kakak kakak heheh,positive,0.9858837723731995
2023-11-09,7,4,alam asistensi seru sih kenal kating hati sombong suka tabung hehe sehat moga tuhan mudah urus,positive,0.7870346307754517
2023-11-09,9,5,alam ajar materi tantang tarik ulik hasil animating bagus tarik,positive,0.9477550983428955
2023-11-09,5,5,alam bab animasi lumayan sulit paham animasi sulit temu konsep,negative,0.9947004318237305
2023-11-09,86,3,bab lighting proses lumayan cepat asistensi asprak tahu putar lighting,positive,0.7323978543281555
2023-11-10,59,3,lighting sulit sulit coloring texturing 3d kerja tenggat tentu,negative,0.8965507745742798
2023-11-10,113,4,bab mudah banding bab tutor yutup sedia mudah paham tahta tinggi modelling menang,positive,0.9438183307647705
2023-11-10,121,1,senang asprak nya masuk mudah ajar alami sulit bantu,positive,0.5626396536827087
2023-11-10,121,2,bingung paham uv unwrapping blender texture langsung error patah patah,negative,0.9941991567611694
2023-11-10,15,5,asli gampang bang ngejar bintang mas assistant aga susah banya challange aga susah,negative,0.8952928781509399
2023-11-11,116,4,bab 4 mudah sulit bingung objek tunjuk lebih lewat berat teks mudah demonstrasi senang temanteman bantu sulit bantu,negative,0.9831814169883728
2023-11-11,23,4,tahap labeling lumayan eazy pizy lemon squizy hehehehe banding modelling uangel alhamdulillah survive ya allah,positive,0.9887433052062988
2023-11-11,103,3,bab 3 kali mudah ya alhamdulillah proses asistensi jalan lancar alhamdulillah,positive,0.9871811270713806
2023-11-11,33,4,asprak mbak teliti asik banget kasi saransaran terima kasih deh moga depan asprak,positive,0.9851022958755493
2023-11-11,119,1,bab 1 modelling langkah kerja produk 3d bab 1 ajar paham tutorial tutorial youtube asistensi jalan lancar revisi,neutral,0.9775083065032959
2023-11-11,119,2,bab 2 coloring texturing bab mudah bantu video tutorial asistensi jalan lancar demonstrasi kerja asprak,neutral,0.9422353506088257
2023-11-11,31,3,kating bab 3 lighting mudah lumayan mudah sih asprak enak pinjem leptop ngerjain lighting lancar jam coba langsung demons asprak report ku kerja besok hari leptop temenku kirim asprak ac revisi moga bab bab lancar moga sehat setep sekian terima kasih,positive,0.6711623072624207
2023-11-12,120,1,materi modelling rumit makan paham namanama tools serta fungsi proses validasi jalan lancar,negative,0.7582021951675415
2023-11-12,42,5,bab animaating modelling tantang babrendering sih gantung spek laptop hehehe,neutral,0.7398211359977722
2023-11-12,21,4,alhamdulilah lancar bahagia sentosa moga render ngebut ngerjain bab amin,positive,0.9680435061454773
2023-11-12,117,4,moga bab entar bab 6 habis asprak super duper mega juta duper amin 40x,positive,0.7126263976097107
2023-11-12,101,4,tahap alhamdulillah kejar paham ajar kreasi kreatif tata edit bentuk ukur warna tulis,neutral,0.9194490313529968
2023-11-12,28,4,materi mudah paham media ajar bantu media mudah paham,neutral,0.7074825167655945
2023-11-13,55,4,aman ya teman teman tau randeringsemangat teman teman kejar imgvtulation,neutral,0.9894077777862549
2023-11-13,79,6,bab rendering latih sabar proses rendering sisi senang alam ajar senang,positive,0.6614403128623962
2023-11-13,88,5,animasi pusing banget susah banget step 3d susah sih ya ahirnya effort sih,negative,0.994906485080719
2023-11-13,38,4,tahap jalan mudah proses kerja cari asprak proses validasi moga mudah,neutral,0.5286086201667786
2023-11-13,35,4,alhamdulillah kesini bab mudah bingung letak mana posisi taruh teks,negative,0.8735914826393127
2023-11-13,80,4,bab labelling materi tutorial dapat mudah paham terap produk selesai,neutral,0.5152473449707031
2023-11-14,48,4,bab 4 labelling materi mudah paham mudah praktik materi bab,neutral,0.7844932079315186
2023-11-14,14,4,alhamdulillah mata kuliah mgv sok far tumbang tipes demam terimakasih asprak sulit,negative,0.9077587723731995
2023-11-14,76,4,bab 4 labelling alhamdulilah lumayan mudah sulit bab 1 modelling asprak nya sih,positive,0.9410008192062378
2023-11-14,73,4,materi bab 4 labelilling susah mudah aplikasi dalam produk suka materi bab labelling,negative,0.9724374413490295
2023-11-14,11,5,ajar materi animasi jujur lumayan nikmat kendala device blue screen,positive,0.9868840575218201
2023-11-14,122,1,bab 1 modeling alhamdulillah selesai kendala first time pakai blender syukur asprak banget ramah cantik,positive,0.9903653860092163
2023-11-14,30,4,labelling gampang ribet overal chil sih ngerjain labelling chil reportnya xixixixixixi,negative,0.9812798500061035
2023-11-14,17,4,seru sih bab katingnya ajar adikadiknya asprak temu saran kritik bangun,positive,0.9131721258163452
2023-11-14,122,0,nya drama tolak judul alhamdulillah terima produk gampang first time pakai blender bisa,positive,0.7980085015296936
2023-11-14,122,2,bab 2 texturing alhamdulillah lancar kendala cuman lambat banget 11 ngerjain tugas syukur lambat asprak cantik,negative,0.5932714939117432
2023-11-14,70,4,bab mudah semangat kerja depan semangat ajar asprak,positive,0.9805702567100525
2023-11-14,66,4,ajar materi labeling faham 3d fitur fitur blender kokoh iman istighfar,neutral,0.9834541082382202
2023-11-14,65,4,dapat labeling atur sesuai objek 3 dimensi tools bab labeling,neutral,0.9891970753669739
2023-11-14,72,4,bab serah laptop masalah kelimpungan pikir selesai tugas untung bantu teman tani bab didemontrasikan moga besok asprak,negative,0.9422970414161682
2023-11-15,71,4,bab 4 kali bab erti operasi blender bab masj mudah kerja cepat,positive,0.9559136629104614
2023-11-15,45,4,materi labeling kerja kendala cari asisten kendala instagram cari asprak,neutral,0.9369248747825623
2023-11-15,25,5,semangat hadap imgv samappi imgvdan moga baik ppelajaran amin,positive,0.9364731311798096
2023-11-15,96,5,ok ok ok ok ok ok ok ok ok ok ok ok ok ok ok ok ok ok ok ok ok ok ok ok ok ok ok ok ok ok ok ok ok ok,neutral,0.7632272243499756
2023-11-15,51,3,alam ajar materi cahaya blender manfaat materi saji lengkap dalam paham konsep cahaya blender,neutral,0.9390527606010437
2023-11-15,123,0,keren suka mgv keren mgv sungguh mrnyenangkan suka latih mbuat desain produk apstinya kembang skil imgv suka,positive,0.9955899715423584
2023-11-15,122,3,lighting lumayan mudah mudah cari asprak 8 syukur asprak mbak adellia cantik imut banget,positive,0.9929868578910828
2023-11-15,123,2,suka apda coloring bingung yutorial diyoutube nya beda bikin bingung malas tantang seru produk 3d,positive,0.8960680961608887
2023-11-15,123,1,bab modelling sungguh uras jam tidur deadline nya singkat bikin ketar tir untung teman siaga bantu,positive,0.5368432402610779
2023-11-15,10,5,seru ajar blender ajar temanteman kakak tingkat bantu mgv asprak banget gaenak maybe cuman revisi sih salah hehehe sok far sok good banget 1010 keren ajar 3d moga laptop kuat hehehe,positive,0.9063513278961182
2023-11-15,9,6,alam bab seru pikir produk layak produk cukup syarat syarat anjur dosen uras bab,negative,0.7857499122619629
2023-11-15,29,2,pegalaman bab coloring kesan mana usaha sesuai warna produk mana coba pasu warna cocok produk,negative,0.541415810585022
2023-11-15,29,3,alam dalam bab sulit atur power cahaya produk coba laku cahaya pas tampil detail produk,neutral,0.987215518951416
2023-11-15,29,4,alam bab bongkar produk dalam produk sulit bab bongkar nama bab animasi,negative,0.9927438497543335
2023-11-16,124,0,aju judul alami susah tolak 3 kali dedlinenya tanggal 27 tanggal 30 judul ac sekian,negative,0.973527729511261
2023-11-16,38,5,tahap animasi tantang biasa animasi software ajar aplikasi blender,neutral,0.9936196208000183
2023-11-20,109,5,bab animating lumayan susah bab coloring lighting bab animating modelling susah tingkat sulit,negative,0.955184817314148
2023-11-16,124,1,bab 1 milik sulit modeling sulit bantu kating suruh tutor youtube youtube butuh bantu langsung cari bantuang kating alhamdulilah selesai tenggat,negative,0.9636074900627136
2023-11-16,125,0,aju produk isi link gform isi judul produk tanggal kontrak demonstrasi report nya beli prc sesuai warna tentu offering nya alhamdulillah nya lancar ac,neutral,0.7701044678688049
2023-11-16,125,1,asistensi modelling hubung kak thasya asprak bab 1 kendali nya laptop kerja bab 1 poin plus lebih tanggal kontrak jujur sedih alhamdulillah allah jalan ide sewa laptop dekat usul orang tua tuju moga semester 2 laptop repot teman latih objek 3d kerja laptop teman alhamdulillah revisi nya materi lms tutor youtube sekian terimakasih,negative,0.5201547741889954
2023-11-16,125,2,asistensi bab 2 modelling pilih hubung kak syifa asprak bab 2 asistensi nya online gmeet revisi report nya baik terimakasih kak syifa arah erti bab 2 nilai plus laptop sewa surabaya depan usaha meminimalisir lambat hindar poin plus,neutral,0.8386486768722534
2023-11-16,125,3,asistensi bab 3 lighting hubung kak risti asprak nya siang kwu turun hujan alhamdulillah nya jalan lancar demonstrasi report nya terimakasih kak risti,neutral,0.8555495738983154
2023-11-16,68,4,bismillah pokok moga lancar bab bab biar cepat selesai biar cepat healing,positive,0.9425517916679382
2023-11-16,68,5,bismillah bab moga mudah moga mudah teman teman desember moga pulang halang,positive,0.6949245929718018
2023-11-16,2,5,alam ajar materi ragu percaya selesai bab usaha keras selesai bab harap bab giat asistensi asprak bab,negative,0.9773525595664978
2023-11-16,98,4,bab 4 lumayan susah gampang untung asprak habis untung report ku cepat selesai hehe,positive,0.9835424423217773
2023-11-16,84,5,bab animasi ide animasi produk kendala laptop animasi laptop,neutral,0.9878262877464294
2023-11-16,90,4,pujituhan lancar kerja santai asistensi lancar moga depa lancar,positive,0.9224418997764587
2023-11-16,123,3,bab mudah mudah mudah banget rasa bab mudah paham mudah sekian terimakasih,positive,0.7899413108825684
2023-11-16,22,5,ajar animasi 3d ajar kesaaran ajar sungguh ubah usaha sesuai mampu penting,positive,0.7047855854034424
2023-11-16,111,4,alhamdullilah maju sulit bantu teman teman nya cepat bantu teman sulit,negative,0.9876992702484131
2023-11-16,64,2,alam tugas milik kesan sendiri mana tugas sulit minim tutorial referensi aplikasi tantang selesai produk bab,negative,0.874136209487915
2023-11-16,46,5,tama ucap terimakasih kakak2 kating bantu luang asprak 5 bab sayang,neutral,0.9283705949783325
2023-11-16,16,5,animasi objek kendala keluh apa atur posisi kamera duh sabar,negative,0.8071791529655457
2023-11-17,116,5,suka ajar materi animating tarik objek jalan atur kamera sorot objek kali demonstrasi yeri alam harga,neutral,0.4758646786212921
2023-11-17,19,5,animating mudah sulit gantung konsep animating bilang lumayan mudah paham,positive,0.981834888458252
2023-11-17,103,4,bab 4 bab bilang mudah animasi harap moga moga kuat laptop sehat sehat ya laptop allah manusia manusia mgv,negative,0.5677340030670166
2023-11-17,86,4,proses asistensi bab labelling sulit step step rumit asprak bantu masuk,negative,0.8728803396224976
2023-11-17,41,6,animating susah sih bingung pas validasi ajar bimbing banget lecturer alhamdulillah,negative,0.5116997957229614
2023-11-18,3,5,bab animating sulit teliti tingkat sesuai keyframe mas assistant bantu,negative,0.9406933784484863
2023-11-18,113,5,materi rumit bab pusing modelling kali buka blender hafal shortcut nya teliti atur scene nya aman ya allah ya allah pas ngerjain moga revisi amin,negative,0.9555537104606628
2023-11-18,102,5,alam selesai proyek bab 5 senang asik judul produk lumayan mudah support mampu,positive,0.9918078780174255
2023-11-19,4,4,suka banget asisten praktek easy going nekoneko pelit ilmu kesini kaya suka sistem,positive,0.984216034412384
2023-11-19,119,4,bab 4 labelling mudah sedia video tutorial lms asistensi jalan lancar demonstrasi produk,neutral,0.9181064963340759
2023-11-19,11,6,baca ajar materi render eve workbench cycle blender milik kendala device pada render animasi,neutral,0.9957718253135681
2023-11-20,23,5,bab 5 pusing ya wak animasi objek adobe animate blender tampil beda bingung banget workspacenya beda animasiin pas tau letak animate hehehehehehe sekian terimagaji,negative,0.984312117099762
2023-11-20,4,5,alam kali seru sih mual ngerjain animating depan laptop hari cenut cenut alhamdulillah revisi dikit,positive,0.7053279280662537
2023-11-20,27,5,animasi seru sampaisampai otak blender semangat pokok gua mah jir,positive,0.9686429500579834
2023-11-20,35,5,m bab 5 bingung ya tau insyaallah mudah rumit atur animasi,negative,0.9894739985466003
2023-11-20,5,7,sulit bab dubbing sesuai suara putar video hasil render hasil render ukur file nya seklai 12 gb,negative,0.5634596347808838
2023-11-20,100,5,alam animation objek kurang kelemhan objek play animation objek play aplikasi blender not responding,negative,0.9910590052604675
2023-11-20,89,5,materi bab 5 susah butuh sabar minim tahu tools tools blender sulit,negative,0.9890474677085876
2023-11-20,42,6,animating rada rada susah butuh sabar mengerjakanya untung sabar hati senyum,positive,0.6938447952270508
2023-11-20,62,5,alam ajar materi paham alami bingung teman bantu proses kerja bab animating terimakasih,negative,0.8047497272491455
2023-11-20,31,4,selesai bab 4 labelling kemarin lancar ajar masuk teks panah tunjuk report kerja lancar walapun tunggu senggang leptop teman asprak banget ramah nge revisi revisi report moga bab asprak enak terimakasih mgv ajar syukur tengah ketidakbisaan moga bab 5 selesai lancar bab cepat target desember mgvtulation desember giat padat bem libur uas sekian terimakasih,positive,0.761442244052887
2023-11-21,7,5,ajar animating wow duar duar duar gapapa deh imgv yekan semangat manusya manusya quat,positive,0.9327566623687744
2023-11-21,21,5,lumayan seru tambah ilmu cuman bingung tau shortcutshortcut nya hehehe seru banget animasi,positive,0.9920386075973511
2023-11-21,83,5,bab ful keburuburu insyaallah selesai lumayan kerja keras bab terimakasih,positive,0.9433684945106506
2023-11-21,75,4,labelling lumayan mudah ya kalo sulit cari asprak huhuhu ful lebih ajar labelling senang,positive,0.991338849067688
2023-11-21,33,5,asprak kali banget jago maygat kalo kaya wajib solusi mbak asprak serba,positive,0.986714780330658
2023-11-21,101,5,kira animasi tahap susah dengar desas desus teman animating mudah coba susah coba alam harga,negative,0.9725109338760376
2023-11-21,78,5,nge plus bab animation pesimis sesuai jadwal tambah projek peran tep asistensi moga ac,neutral,0.8959088921546936
2023-11-21,73,5,bab 5 animating butuh juang alami sulit bingung proses animating produk,neutral,0.9710620641708374
2023-11-21,71,5,bab 5 animating kali susah lanjut produk faham operasi blender tahap animating rumit selesai teliti,negative,0.9468829035758972
2023-11-21,69,5,bab animating sabar tempat kamera kunci sabar teliti semangat temanteman dikit,positive,0.8822546601295471
2023-11-21,7,6,hm imgv senang kadang drama nya asistensi ngebut jalan hujan alam lupa,positive,0.6747018694877625
2023-11-21,92,5,animating benar stres bingung ajar mana paham pakai keyframe dl terima kasih kasih tutorial,negative,0.7701787948608398
2023-11-21,92,6,rendering benar bingung laptop spefikasi kentang pakai laptop teman terima kasih tantang mas assistant tau,neutral,0.9311574101448059
2023-11-21,108,6,bab laptop mbledos coba usaha duplikat file blender taruh flasdis biar kalo laptop emoet backupan heheheh,negative,0.5659841299057007
2023-11-22,99,6,bab kali sulit babbab proses rendering jalan butuh laptop panas,negative,0.9902774095535278
2023-11-22,51,7,alam dubbing lumayan mudah beda aplikasiakhirnya tahap tinggal srlangkah lagisaya bahagia lega lewat produk harinyatrimakasih dosrn kawan kawan pamit bab dubbing sih lu babay,positive,0.9838420152664185
2023-11-22,70,5,imgv is the best imgv is the best imgv is the best imgv is the best imgv is the best imgv is the best,positive,0.8895869851112366
2023-11-22,118,4,910 sih bab ku tanggal 14 asistensi tanggal 10 maghrib2 hujan eh salah hujan mkstnya niat ngejar bintang animating eh magernya kondisi minimal sesuai eh 2 parah dear moodku ayo baik please,negative,0.9807778000831604
2023-11-22,60,5,asprak susah atur fps saatdi play patahpatah takut rendering ubah,negative,0.9629643559455872
2023-11-22,68,6,bismillah moga bab 6 asprak bimbing ku sabar produk ku selesai cepat heheh,positive,0.9550708532333374
2023-11-22,72,5,bab sulit objek putar pas coba hasil putar ttapi henti coba berkalikali bab bab modelling lupa 1 step hasil bergerakmaksimal,negative,0.9865370988845825
2023-11-23,48,6,bab 6 rendering kali materi praktik mudah bab sebelumsebelumnya,neutral,0.9651623368263245
2023-11-22,50,7,war is overrakhirnya titik mana selesai mumettpuji tuhan selesai tentukanini jalan babmasih tugas tugas hars selesaikantrimakasih ucap dosem cinta bpk yeryteman teman juang ajar tugas inipacar bantu sayamenghibur sudha menyerahmenyemangati sayajuga encu unpad um halang kuta mensupportdan orang tua sayayang keras beli laptop matkul initrimakasih doa doa tiada habisnyasaya syukur krpada tuhan yesus mampu selesai tuga inisekitan terimakasih babay sih u,positive,0.9440501928329468
2023-11-22,39,5,meraasa tantang dengaan animasi sanggaat agaak mudah berterimakasih asprak,positive,0.9703088402748108
2023-11-22,86,5,pad bab 5 sulit ajar sumber asistensi asprak saran saran baik,negative,0.5304487943649292
2023-11-22,14,5,over al kuat kak tasya banget terima kasih ya bab coba ambil bintang always kedluluan hadeh,positive,0.9614742398262024
2023-11-22,67,6,ya kritik menang semenjak animating hidup tenang hehehehe hua papa seru pol,positive,0.9931469559669495
2023-11-23,23,6,tahap rendering lumayan butuh effort ngerender jam 3 jam 9 weh renderan gagal ngerender alhamdulliah tinggal dubbing moga cepat porto xixixixixixixixiixixixixixixixixixi,positive,0.6837297081947327
2023-11-23,54,5,bab animating lumayan bantu tutor teman teman lali kembang model animasi saran asprak animasi asprak pol,positive,0.4314984977245331
2023-11-23,24,6,alhamdulilah selesai tinggal 2 bab sungguh terima kasih keras titik sabar jadi buku heheheheheh,positive,0.9803935289382935
2023-11-23,42,7,rendering butuh komputer nya milik spek rendah beli laptop mahal,negative,0.9917677640914917
2023-11-23,80,5,bab animating tutor animasi susah butuh sabar penuh atur kamera dsb,negative,0.7469125986099243
2023-11-23,121,5,bab pusing plts working model bingung working utnung asprak masuk,negative,0.9916146993637085
2023-11-23,114,3,ajar lighting tantang senang susah atur tempat lightingnya hasil lewat bab lighting,neutral,0.5584783554077148
2023-11-23,114,5,excited bab bayang hasil produk tambah semangat cepat selesai produk 3d,positive,0.9933504462242126
2023-11-23,66,5,materi megajarkan sabar teliti usaha pantang serah moga kuat bab 8 aamiin,positive,0.9694051742553711
2023-11-23,6,6,stres animating teliti sabar penuh juang ulang salah sesuai,negative,0.9731554985046387
2023-11-23,9,8,ajar materi bab 1 bab 7 seru sharing teman salut teman teman ajak ajar alam individu senang alhamdullilah ajar tentu tulis lapor praktek uji dosen asprak,positive,0.8907120823860168
2023-11-23,63,1,bab modelling proses buat produk bab susah produk bentuk langkah rumit kali aplikasi blender,negative,0.7597494125366211
2023-11-23,63,2,bagi colloring lumayan tricky pintar pilih warna tekstur efek produk produk asli real,positive,0.611953854560852
2023-11-23,63,3,bab lighting mudah pilih 1 4 opsi light tinggal geser atur terang cahaya sesuai situ ubah warna cahaya bab tuju produk bagus indah,positive,0.9921263456344604
2023-11-24,19,6,kalo sih keluh tunggu proses rendering laptop kuat pinjam kadang sungkan,negative,0.5106562972068787
2023-11-24,30,5,animasi kalaubga paham susah banget sih habis ajar teman engah kalo animasi gampang ribet mindahin kamera2 nya overal 810,negative,0.9910467267036438
2023-11-24,126,6,proses rendering memliki sabar luas proses rendering abar tunggu,neutral,0.9569913148880005
2023-11-24,29,5,dasar alam tugas imgv bab animasi bab susah bab bab bab kreativitas indah produk kesan dalam bab kesal susah nikmat proses dalam bab,negative,0.8724501132965088
2023-11-24,126,1,bbmodelling software blender pakai software blender bantu teman bantu proses modelling,neutral,0.9966539144515991
2023-11-24,126,2,proses coloring mudah template cari template susah asprak fast respon cepat proses asistensi,negative,0.5623990893363953
2023-11-24,126,5,proses animating susah serah coba tutor teman selesai proses animating proses susah animating,negative,0.9947380423545837
2023-11-24,11,7,nikmat proses audioing dubbing tahap ajar ntuk materi anak milik background multimedia nikmat proses editing audio milik kendala lms masalah beranda berat etika laksana validasi produk tambah susah sesuai validasi jam senggang dosen asprak terkadang meng cancel sibuk validasi asprak dosen sekian alam bagi terimakasih,negative,0.8465853929519653
2023-11-24,116,6,rendering proses mudah tahap blender end timeline 1300 tunggu 30 menit cepat demonstrasi asprak temanteman bantu proses proses,neutral,0.9908865690231323
2023-11-24,33,6,asprak seru banget rasa kalo ngobrolnya habis asistensi animating kah,positive,0.9958493709564209
2023-11-24,10,6,seru asprak susah animasi keren sih bikin benda gerak thank u kakak2 uda bantu terima kasih temanteman support semangat pokok one step closer nie,positive,0.8787891864776611
2023-11-24,118,5,2 gapapa laah yaudah nya mageran suruh anak moodyan terimakasih senior bantu bimbing lope lu pul,negative,0.9774523973464966
2023-11-24,20,6,bab rendering ajar merender produk bentuk render animation render image,neutral,0.9935629367828369
2023-11-24,120,4,bab 4 proses lumayan rumit rumit proses modelling kakak asprak benar salah kerja,negative,0.9763978719711304
2023-11-24,23,7,tahap dubbing mudah banding modelling hehehehehehe semangat abisini porto mgvtulaition,positive,0.9846351742744446
2023-11-24,24,7,alhamdulilah yuk tinggal 1 bab buku tunggu kakak cowok tolong dirosting ya kak cowok percaya sepenuh hati air mata gadang malam revisi tiada henti,positive,0.8332130908966064
2023-11-24,14,6,sat set wat wet top markotop jos gandos rendering hasil video oke prc suruh keluar langsung ttd,neutral,0.9780514240264893
2023-11-24,35,6,m segi quiz bab sih pusying salah2 hehehe hmmapa ya moga tahap bab moga laptop kuat seorang2nyasemangat tinggal dikit,negative,0.923106849193573
2023-11-25,60,6,materi butuh sabar ekstra prediksi leta keyframe hasil rendering susah ngira laptop kuat rendering 100 frame mengrender 1 jam hasil video durasi 1 menit animating not responding kerja mudah tunggu,negative,0.4746576249599457
2023-11-25,31,6,bab 6 rendering sangka senang suddah mgvtulation kemarin vote desain template bang ngerayakan mgvtulation yuhu seru pokok raya sih beli mixue kalo demons render cape kesana kemari pinjem leptop animating render alhamdulillah lancar hambat pas nge render terimakasih teman teman minjemin leptopnya nemenin ajar moga amal terima tuhan amin,negative,0.561843991279602
2023-11-25,75,5,ajar animasi bikin pusing banget ya allah ngerjainnya sambi menang bikin lupa makan ya tumbang huhuhu untung asprak banget ajar selesai,negative,0.9879779815673828
2023-11-25,82,6,kalo render pakai laptop letup hehehehehehehe ya biar fast hehehehehehehehehehehehehehehehheheheheheheheheheheeheheheheheheheheheheheheheheheheheh,neutral,0.5893878936767578
2023-11-25,22,7,ajar desain 3d blender ajar sabar telaten penuh capai hasil,positive,0.9305334091186523
2023-11-25,27,6,rendiring ez asistensi seru ayoklah pengin cepetcepet buku kuning semangat ya,positive,0.6979578733444214
2023-11-25,21,6,render sebal ditungguin maleman hilang alhamdulilah render jam 9 jam 6 hehehe,negative,0.9902106523513794
2023-11-25,117,6,waaw soaalnya suusaa4h banget aw aw aw gila moga asprak um slese menang,positive,0.9112542271614075
2023-11-25,2,6,alami sulit ajar materi bab animating materi cakup konsep rumit butuh paham dalam frustasi sulit paham telat validasi produk halhal suka ajar materi tantang materi tantang tantang ajar halhal suka ajar bab banyak fiturfitur paham sulit ajar singkat alami proses asistensivalidasi senang asisten praktikum mau picu asa kesal asisten praktikum tuntut mahasiswa tugastugas praktikum sempurna paham sulit,negative,0.981777548789978
2023-11-27,103,5,masyaallah allahukabar plus ikit gangaruh deh selesai bab rumit bikin pusing ya - lewat asistensi alhamdulillah lancar,positive,0.6744826436042786
2023-11-25,31,5,bab 5 animating bab lumayan susah kalo pikir seru kalo dijalanin main keyframe ubah2 arah camera rotasiin objek konsep animatingnya lo bikin lumayan uras tiba pas demons asprak revisi ngubah keyframenya seru hasil bagus dikit konsep ku terimakasih asprak hati aneh aneh alhamdulillah report langsung ac huyu moga bab jalan lancar hambat niat kejar bintang moga wujud deh amin target november selesai desember giat tinggal bismillah cepat mgvtulation kayak rank tuh,positive,0.5917119979858398
2023-11-25,35,7,alhamdulillah proses rendering terdugahihihi makan 10 menit hasil duga 22 detik 1375 frame,neutral,0.9886233806610107
2023-11-25,100,6,rendering salah bab laptop not responding susah kalo laptop not responding demons,negative,0.9801274538040161
2023-11-26,108,7,bengong kasih backsound mas kasih backsound dj virus uncang dunia ya alhamdulillah loh masuk bab 7 xixixixi,negative,0.9943260550498962
2023-11-26,72,6,bab rendering jujur laptop kuat rendering konsultasi tau paksa rendering takut laptop leduk rendering lab yer pc pada,negative,0.5830720663070679
2023-11-26,13,7,bab mudah teliti sesuai audio animasi butuh proses kerja sebentar,negative,0.5505107641220093
2023-11-26,62,6,paham materi papar proses asistensi asprak banget arah produk tarik,positive,0.7652776837348938
2023-11-27,112,6,rendering butuh sabar luas karena ruh spesifikasi laptop,neutral,0.7370374798774719
2023-11-27,56,5,bab sulit kali animating sulit gerak pilih working model ajar nya 2 ful tonton youtube tutor animating lambat demonstrasi tugas,negative,0.9961045980453491
2023-11-27,68,7,bismillah dubbing moga mudah moga bab mudah benar selesai imgv post imgvtulation heheheh,positive,0.8796666264533997
2023-11-27,101,6,rendering tahap milik tahap ter sederhana proses buat produk harap hasil render hasil bedge bintang,neutral,0.9257951974868774
2023-11-27,97,0,pilih judul lapis kulit ikan sisik tampil mudah contoh moga asik ajar blender,positive,0.5995514392852783
2023-11-27,119,5,bab 5 animating sulit banding bab butuh teliti telaten kerja demonstrasi asprak,negative,0.8539189100265503
2023-11-27,39,7,sangaat senaang kareena haabiis baab seleesaai taapi takuut dengaan revisi,positive,0.9837242364883423
2023-11-27,97,4,labeling panik sulit eh engga sulit bayanginharus butuh teliti sabar sih,negative,0.9542262554168701
2023-11-27,76,6,alhamdulilah bab 6 rendering lumayan mudah tinggal simpan file laptop lot alhamdulilah asprak nya sulit,negative,0.9465663433074951
2023-11-27,97,5,tahap animating binunggtapi ngerjain barengbarengsamatementemen alhamdulillah nya selesai menang dikitmana revisi 3x hiks,negative,0.9315823912620544
2023-11-27,8,5,ya lms bantu link video youtube mengrahkan sesuai bab ditujuuntuk asprak baiksemua oengerjaan sesuai cakap mahasiswa,neutral,0.8897304534912109
2023-11-27,69,6,bab rendering mudah paham youtube temu rendering cepat rendering butuh,neutral,0.9512831568717957
2023-11-27,71,6,bab animasi bab 6 rendering kali frustasi mudah operasi tutorin teman youtube tutor mudah paham 2 bab,negative,0.9760850667953491
2023-11-28,65,5,animating susah animasi produk berkat temanteman rasa mudah bantu,positive,0.7083585262298584
2023-11-28,123,5,keren bagus suka animating sat set ngerjain nya bikin jago animasi pokok nya animating suka,positive,0.9971983432769775
2023-11-28,123,4,keren labbeling mudah tinggal nambahin text nambahin tabung cone jenis nya selesai,positive,0.9417608976364136
2023-11-28,73,6,bab 6 rendering mudah terap dalam produk 1 kali tutorial paham tata merendering,neutral,0.9817425012588501
2023-11-28,1,7,hujung acara ucap selamat kuat tugas semangat tau revisi awokawok,positive,0.693558394908905
2023-11-28,66,6,alam proses kerja imgv bab animating sungguh uras sabar paham imgv,positive,0.972576916217804
2023-11-28,17,6,seru sih asprak sesuai harap kritik saran dukung bab asprak koreksi,positive,0.8296493887901306
2023-11-28,94,6,rendering mudah alan kendala laptop kuat merendering alhasil pinjam laptop teman,neutral,0.822870135307312
2023-11-28,103,6,alhamdulillah mudah moga mudah yaallah mbak bunga asistensi terima kasih ya mbak,neutral,0.7138290405273438
2023-11-28,16,7,kritik saran lebih mohon maaf wassalamualaikum warahmatullahi wabarokatuh,neutral,0.961043119430542
2023-11-28,7,7,bab akrab nama revisi hehe mangats deh manusya manusya kuat tunggu ya mgvtulationnya,positive,0.8374027013778687
2023-11-28,26,7,bab 7 kali mudah ajar materi aplikasi dubbing gabung animasi,neutral,0.9757274389266968
2023-11-28,30,6,rendering gampang kesel kadang objek asli akhirnua render ulang overal 8510,negative,0.92496657371521
2023-12-01,43,7,pusing dikit ngaruh bab dubbing 10010 gampang jam buat mwehehehehehehehe,negative,0.9936125874519348
2023-11-28,22,8,tuju buat 3d target audiennya cocok ajar terburuburu hasil produk cocok ajar aarrggh henti derita,positive,0.7950531840324402
2023-11-29,119,6,bab 6 rendering kerja lumayan singkat alhamdulillah patah patah proses rendering,neutral,0.6077600717544556
2023-11-29,11,8,sulit meng convert pdf word format layout ubah kacau tata ulang,negative,0.9862815737724304
2023-11-29,15,7,kalo kemarin ngerjainnya menang nyerahhbut part kali eazy pizzy lemon squizy jam kelar wheheh,positive,0.6970348954200745
2023-11-29,59,7,sungguh alam mgv bab bangga bab bab telat jurus ips tau software desain,negative,0.4737240970134735
2023-11-29,63,4,bab labelling susah gampang step rumit susah tempat panah tulis lurus sejajar butuh teliti sabar hasil perfect usaha baik,positive,0.5309321284294128
2023-11-29,63,5,bab animating sulit susah paham hafal step salah langsung bingung perhati bingung bab,negative,0.995123565196991
2023-11-29,116,7,bab dubbing kesan efek suara cantum pengaruh tampil keren pakai backsound avangers demonstrasi senang,positive,0.9884825348854065
2023-11-29,111,6,alhamdullillah cepet ngerjakan rendering gampamg animating nya huhu ya allah kuat hamba hamba pengin pintar,positive,0.9649319648742676
2023-11-29,72,7,lewat sadar tugas duga moga senin besok asistensi mas cowok amin,positive,0.6934229135513306
2023-11-29,102,7,mgv asik mgv asik mgv asik mgv asik mgv asik mgv asik mgv asik mgv asik mgv asik mgv asik mgv asik mgv asik,positive,0.9886704683303833
2023-11-29,80,6,bab rendering mudah paham langkah langkah sabar tunggu proses renderingnya,neutral,0.9744231104850769
2023-11-29,98,6,bab 6 sabar rendering pol buset rendering butuh sabar buanget,negative,0.8877557516098022
2023-11-29,86,6,asistensi bab rendering sulit asistensi jalan lancar asprak bantu saran masuk,neutral,0.9954907298088074
2023-11-29,76,7,alhamdulilah bab 7 stres bab 7 lumayan tinggal bikin audio ngedit moga semangat,positive,0.9437744617462158
2023-11-29,97,6,rendering luaama buanngeet sumapah 5jam tunggu eh lhakok hasil texture hilang yaudah deh render hiks,negative,0.994236171245575
2023-11-29,19,7,alhamdulillah susahsusah banget paling susah audio grusak grusuk coba ngedit pakai ai yaudah deh,negative,0.9917068481445312
2023-11-30,30,7,dubbing seru kayak ajar anak ya anak sd sih mantab overal 810 hehehe,positive,0.9933445453643799
2023-11-30,8,6,kerja animating langkah ulang konsisten dilakukananimating laptop berat alami bug not responding terus anvalidasi mudah revisi salah top,negative,0.572689950466156
2023-11-30,83,7,bismillah cepat selesai giat laku heheh terimakasih moga lancar,positive,0.9693576693534851
2023-11-30,123,6,keren rendering kuat laptop tahan hidup tinggal nyawa sedikittapi tendering hikmah keapada laptop kuat jalan render,positive,0.9739554524421692
2023-11-30,18,7,proses asistensi lumayan singkat bab alhamdulilah bab moga bab mudah amin,positive,0.9892168045043945
2023-11-30,7,8,hujung bab moga minim revisi hua semangat juang buku kuning semangat mgvtulation,positive,0.6932497024536133
2023-11-30,78,6,bab rendering sulit deg degan tunggu rendering pikir laptop kuat ya,negative,0.9904656410217285
2023-11-30,73,7,bab 7 dubbing sulit implementasi dalam produk butuh teliti sabar kuasa materi labelling,negative,0.7331206798553467
2023-11-30,80,7,bab 7 dubbing mudah ekstrak audio ekstrak dalam animasi apk edit capcut,neutral,0.9854603409767151
2023-11-30,125,6,alhamdulillah ajar materi bab rendering moga asistensi bab 6 render jalan lancar amin,positive,0.9747104644775391
2023-11-30,125,5,alhamdulillah selesai demonstrasi kerja report moga revisi revisi revisi nya sesuai tentu konsistensi bab,positive,0.9486892223358154
2023-11-30,29,6,alam bab rendering kesal laptop kuat kali crash keti nengconvert produk harus merendernya pc,negative,0.9946150183677673
2023-11-30,125,4,alhamdulillah proses asistensi jalan lancar moga projek kerja nilai plus lebih deadline kuis laman lms mnrt lumayan berat cakup materi nya moga depan ringan sekian terimakasih,positive,0.9547445178031921
2023-11-30,62,7,proses kerja mudah aplikasi handphone wakttu asisten jalan lancar asprak nya ramah,positive,0.9841927886009216
2023-11-30,74,8,alhamdulillah bab 8 jalan penuh dengah keluh kesah bab 1 bab dukung teman anak tep ngerjain bareng alhamdulillah bab,positive,0.9473792910575867
2023-11-30,16,8,alhamdulillah bab 8 lewat deadline satu moga bab 8 lancar khusnul khotimah amin,positive,0.9263008236885071
2023-11-30,20,7,bab dubbing aplikasi capcut terinstal hp mudah dubbing biasa capcut,neutral,0.9836921691894531
2023-11-30,10,7,keren one step closer rasa selesai seru banget pokok matkul salah masuk tep dah las hehehe moga survive amin terimakasih kakak kakak trmanteman,positive,0.9882957935333252
2023-11-30,120,5,bab lumayan sulit banding babbab proses kerja senang alhamdulillah kakak asprak sabar,positive,0.9301300048828125
2023-11-30,49,6,bab rendering tau proses rendering produk 3 dimensi salah aktivitas senang,negative,0.6408401131629944
2023-11-30,33,7,wow ekspek asprak mas mas mudah ya mas suryo bintang puluh satset anti ribet koreksi terima kasih semangat ngerjakno tugas,positive,0.7978826761245728
2023-11-30,108,8,bab moga lancar amin selang mgvtulation ya allah moga lancarkaan,positive,0.9451590776443481
2023-12-01,82,8,alhamdulillah hujung moga lancar lancar uhuy bismillah revisi,positive,0.9266423583030701
2023-12-01,3,7,dubbinv senang suka edit video asprak enak ajak asistensi mana,positive,0.9885172843933105
2023-12-01,8,7,guna lms efektif darioada prclms mudah oengerjaanjuga lacak progres nilai kitabanyak baik xontohnya bug quiz ya approved,neutral,0.7175931930541992
2023-12-01,2,7,alhamdulillah sangka bab 7 percaya pakai aplikasi blender moga desember mgvtulations amin,positive,0.975951075553894
2023-12-01,85,8,hujung bab 3d terimakasih teman ku asprak kaka tingkat bantu selesai project lega senang kerja susah payah begadang menang malam eheheh doa besar ipk smstr 1 38 aamiin yaallah moga kuat selesai project spd blkg nama dngn lulus cumlaude amin allahumma amin moga plg ihihihi,positive,0.8749041557312012
2023-12-02,96,7,moga plus peh ayo semangat 2 langkah semangat oke oke oke oke oke oke oke oke oke oke oke oke oke oke,neutral,0.8501622676849365
2023-12-02,49,7,bab dubbing milik tari sendiri isi suara butuh ketenenangan suara hasil jernih,positive,0.5309112668037415
2023-12-02,117,7,moga bab lap mudah indah huhuhuhuhu takut banget loh yaallah minggu tanggal sepulu des,negative,0.9935979843139648
2023-12-02,117,2,wow moga bab lap indak mepet selesai moga lapor sesuai idam cowok amin puluh orang,negative,0.48700156807899475
2023-12-02,19,8,bismillah moga lancar kendala apa moga revisi cepat ac mgvtulation amin,positive,0.6573283672332764
2023-12-02,126,7,alam bab dubbing susah susah gampang atur tepat dubbing gera animasi,negative,0.9330319166183472
2023-12-02,39,8,sangaat leega dengaan sampaai baab 8 lampaau i dengaan baaik daan sempurrna,positive,0.9503995180130005
2023-12-02,93,8,bab produk lumayan mudah tinggal merender image harap selesai produk,neutral,0.7220110893249512
2023-12-02,54,6,bab rendering butuh sabar ekstra makan untung tunggu scrol reels instagram tiktok btw alhamdulillah asprak,positive,0.8897267580032349
2023-12-03,4,7,ramah banget asprak moga lancar deh doa mgvtulation cepat ya rekan,positive,0.9775838851928711
2023-12-03,64,5,proses kerja makan bingung sebab asing software usaha selesai tugas bab,negative,0.784007728099823
2023-12-03,98,7,bab 7 alhamdulillah ngerjain bab 7 lancar hehe plus e asprak seng super duper,positive,0.9883329272270203
2023-12-03,119,8,bab bab 8 product hasil kerja moga mudah lancar asistensi verifikasi validasi selesai amin,positive,0.704204797744751
2023-12-03,61,8,seri war list grup kalo mas cowok sih bacok baco hehehehehehehehehehehehe,negative,0.9900283217430115
2023-12-03,48,8,ajar 3d semester seru tantang basic desain ajar ajar,positive,0.7388105988502502
2023-12-03,100,7,editing video dubbing apliksi gampang alhamdulillah tinggal 1 bab revisi syukur,positive,0.840734601020813
2023-12-03,116,8,blender kesan hidup jadi kenal orang bantu senang ajar blender,positive,0.7472145557403564
2023-12-03,126,8,bab war latih tangan etik cepat moga cepat selesai imgv tulation,positive,0.4572615325450897
2023-12-03,71,7,bab 7 kali mudah operasi sesuai dubbing produk 3d butuh teliti pas animating edit bab 7 kali bikin adrenalin tingkat war validasi produk terimakasih,neutral,0.5129668712615967
2023-12-04,60,7,bab edit susah mudah tisak pakai aplikasi blender memamkai aplikasi edit familier,negative,0.939702033996582
2023-12-04,51,8,ajar titik imgv selamat juang nangis2 hasil happy imgvtulation,positive,0.5143671035766602
2023-12-04,29,7,alam bab bab bab mudah masuk rekam suara hasil render dalam kerja nya butuh,neutral,0.5814996957778931
2023-12-04,77,8,materi proyek 3d selesai asistensi praktikum temu bab 8 takut validasi asisten praktikum temanteman halhal revisi bab 8,neutral,0.9958497285842896
2023-12-04,70,7,dubbing mudah labelling butuh kerja 1 kemarin kota 2 acara keluarga papa ikhlas sabar tabah dl,positive,0.9197025895118713
2023-12-04,55,7,capek tau nyusun buku kuning teman teman suka ajar mentang mentang kelar bantu teman,negative,0.987206757068634
2023-12-04,75,6,bab rendering lumayan berat proses siksa laptop laptop panas proses lumayan suka tunggu asprak alhamdulillah asprak pol,positive,0.7103263735771179
2023-12-04,75,7,bab dubbing mudah suara jelek rekam ulang kali asistensi nya lancar asprak fast respon,negative,0.7646916508674622
2023-12-04,118,7,nih first time coba mas reng takut banget sumpa mas buaik kesan kayak next time deh coba,negative,0.9553170204162598
2023-12-04,127,0,alam modelling tidur bingung menngunakan blender seru tantang kenal orang,negative,0.9745419025421143
2023-12-04,54,7,bab dubbing alhamdulillah atas mudah cepat terimakasih asprak banget asistensi cepat,positive,0.9840827584266663
2023-12-05,73,8,syukur bab materi imgv juang juang bayar buku kuning bangga,positive,0.9649555087089539
2023-12-05,63,6,bab rendering susah bab tinggal merender produk tunggu hasil butuh sabar terimakasih,neutral,0.5452817678451538
2023-12-05,26,8,bab pennyelesaian buku kuning anak kos habis keluar uang lumayan buka grup ecek wwar slot asistensi,neutral,0.9733510613441467
2023-12-05,66,7,alhamdulillah yaallah bab 7 plong moga dopermudah depan imgv 3d oke,positive,0.9436269998550415
2023-12-05,104,6,lumayan asah sabar ya ges sabar hadap rendernya animasi rendernya lot,positive,0.829552173614502
2023-12-05,78,7,finally selesai tinggal tunggu besok ac cowok moga ac terima kasih kakak kakak asprak sabar luang asistensi,neutral,0.9303185343742371
2023-12-05,111,7,alhamdullillah bab moga teman teman kakak kakak emmbantu imgv manfaat amin,positive,0.9001944661140442
2023-12-05,120,6,bab rendering mudah butuh 22 jam selesai rendering 1500 frame kakak asprak banget memberitahu salah,neutral,0.7129189372062683
2023-12-05,89,8,sabar sabar sabar sabar sabar sabar sabar sabar sabar sabar sabar sabar hadap revisi,positive,0.74547278881073
2023-12-05,90,7,pujituhan ac moga next bab lancar mgv tulesyen terima kasih tyb,positive,0.9128944277763367
2023-12-05,96,8,alhamdulillah pon bab 8 nik moga revisi ok ok ok ok ok ok ook ok ok ok,neutral,0.6978612542152405
2023-12-05,10,8,alhamdulillah one step closer terimakasih ya kakak kakak teman teman ngerjain bareng tidur masjid semangat2,positive,0.7712085247039795
2023-12-05,2,8,alhamdulillah hujung juang korban moga lancar urus asistensi moga mgvtulations amin,positive,0.8212694525718689
2023-12-05,72,8,bismillah asistensi bab 8 moga lancar revisi moga mas cowok mood baik mgvtulation im coming,positive,0.9626685380935669
2023-12-06,64,6,alami kendala proses render makan tunggu hasil proses kerja,neutral,0.9924259185791016
2023-12-06,37,8,yoosemangat buku kuning hir ayem por yuk epriting ku juang untuk buku kuning keramat,positive,0.6230476498603821
2023-12-06,113,6,proses mudah susah down dikit asprak senyum judes sabar mbak maaf lola bantu teman,negative,0.9869232773780823
2023-12-06,6,8,terimakasih tugas nikmat ruwet dalam - war kenang banget,positive,0.9868230819702148
2023-12-06,20,8,alhamdulillah mgvtulation yeay terimakasih bantu garis finish hehehe,positive,0.936341404914856
2023-12-06,24,8,alhamdulilah hujung jalan selesai imgv terima kasih ajar sabar tekun moga nilai bagus plus amin mari tutup alhamdulilah jumpa jalan tugas lecturer,positive,0.862592339515686
2023-12-06,125,7,oke alam kerja asistensi bab 7 alhamdulillah jalan lancar bismillah goes mgvtulation,neutral,0.5807856917381287
2023-12-06,55,8,bismillah selesai asitensi cowok revisi nya kir moga langkah bikin bangga aamiin,positive,0.9780253767967224
2023-12-07,65,8,imgv banget ajar nya erti poster sampul buku objek 3d erti poster sampul objek 3d terimakasih imgv luv,positive,0.9740212559700012
2023-12-07,118,8,kain ucap teimakasih mohon maaf sumpa iki tugas tereffort sakumur umur terjang hujan gerimis beldekan barang hahahaha,negative,0.9608892202377319
2023-12-07,36,8,gwvevsvvdhbfbdvdvdvevegwvevyn5nthbevevvsvscscscscscscv wcececsccscscsvevevesvsvevbesgfwfh3gwgwgwgafqfwfqf,neutral,0.8124074339866638
2023-12-07,63,7,bab dubbing susah karen edit capcut lumayan mudah menggunakana hp,positive,0.6157179474830627
2023-12-07,113,7,mas nya enak mudah urus adek tingkat wes pokok mudah dirosting,positive,0.9929087162017822
2023-12-08,63,8,bab produk satu hasil produk tau hasil produk bagus usaha maksimal,positive,0.9739833474159241
2023-12-08,71,8,terimakasih tugas mgv lumayan bikin up and down benar uji mental fisik projectnya jujur bikin menang banget pas ngerjain bab 1 bab animating fan pasti pas nyusun porto trims,positive,0.9916270971298218
2023-12-08,113,8,kelaar big thanks asprak cowok asprak bantu sabar hadap love lu al,positive,0.9567126631736755
2023-12-08,117,8,finally huhuhu selesai senang banget moga nilai bagus moga semester depan lancaar,positive,0.9879034161567688
2023-12-08,70,8,imgv ter the best selesai alhamdulillah alhamdulillah alhamdulillah alhamdulillah alhamdulillah,positive,0.9885693192481995
2023-12-10,92,8,mgvtulation terima kasih bantu selesai mata kuliah proyek terima kasih lecturer st mt validasi akademik mudah ac lembar kesah kkp terima kasih mas insanul ajar dasardasar perangkat lunak blender dukung proyek terima kasih mas zacky teman shandy ajar bab 1 3 terima kasih kakak tingkat 2022 mas wildan mbak sekar dl bantu selesai proyek terima kasih mas assistant tantang ajar hasil situ lupa temanteman bantu proses kerja proyek terima kasih mohon maaf sebesarbesarnya salah sengaja sengaja,neutral,0.7379765510559082
2023-12-11,75,8,bab produk alhamdulillah selesai habis bawa laptop ya revisi an capek bolak tukang print,negative,0.8763718605041504
2023-12-11,64,8,kesan senang memori kenang awalawal kuliah erat teman tolong juang cari asprak dl beban plong hasil selesai hujung bab,negative,0.5817084312438965
2023-12-12,120,8,alhamdulillah selesai bab 8 bab tarik ajar awalawal sulit melelahkannamun lelah keluh kesah hilang tanda tangan,positive,0.6757357120513916
2023-12-12,44,4,guna lms imgv bantu mahasiswa pantau nilai ajar materi,neutral,0.9979466795921326
2023-12-12,44,5,kerja animating alami kendala salah satu kerja butuh fokus teliti,neutral,0.5126332640647888
2023-12-12,44,6,kerja rendering hambat kerja mudah bantu mater sedia lms,negative,0.9893419742584229
2023-12-12,44,8,proses asistensi cowok mudah bantu koreksi report hadap validasi produk,neutral,0.9044512510299683
2023-12-15,31,7,bab dubbing salah bab sulit kerja sibuk sibuk senang bab dikit mgvtulation bangga selesai walupun tantang tantang bangga sembah hasil project 3d terima kasih asprak dubbing terima kasih teman teman bantu moga project dipublishkan bahan ajar manfaat,positive,0.8684868812561035
2023-12-18,69,8,project imgv tantang susah seru ajar objek 3d manejemen fisik lainlain balance,neutral,0.945785641670227
2023-12-19,101,7,diakhirakhir kerja mood stabil malas ngerjain pikir selese masalah akhir curhat mama bapa alhamdulillah beliau kuat kuatin kasih semangat tambah doa doa beliau,positive,0.9284035563468933
2023-12-19,124,8,validasi bab 8 tantang kejar deadline file sifat hardware print,neutral,0.992743730545044
2023-12-19,101,8,projek senang syukur samping iring keluh gejolak mood biarpun langgar atur mana alhamdulillah selesai,positive,0.928641676902771
